[{"stream_name":"stderr","time":6.667259892,"data":"0.00s - Debugger warning: It seems that frozen modules are being used, which may\n"}
,{"stream_name":"stderr","time":6.667325658,"data":"0.00s - make the debugger miss breakpoints. Please pass -Xfrozen_modules=off\n"}
,{"stream_name":"stderr","time":6.667331796,"data":"0.00s - to python to disable frozen modules.\n"}
,{"stream_name":"stderr","time":6.667336139,"data":"0.00s - Note: Debugging will proceed. Set PYDEVD_DISABLE_FILE_VALIDATION=1 to disable this validation.\n"}
,{"stream_name":"stderr","time":7.273728804,"data":"0.00s - Debugger warning: It seems that frozen modules are being used, which may\n"}
,{"stream_name":"stderr","time":7.273771719,"data":"0.00s - make the debugger miss breakpoints. Please pass -Xfrozen_modules=off\n"}
,{"stream_name":"stderr","time":7.273777745,"data":"0.00s - to python to disable frozen modules.\n"}
,{"stream_name":"stderr","time":7.273782238,"data":"0.00s - Note: Debugging will proceed. Set PYDEVD_DISABLE_FILE_VALIDATION=1 to disable this validation.\n"}
,{"stream_name":"stdout","time":11.386593721,"data":"detected GPU: 'Tesla P100-PCIE-16GB'\n"}
,{"stream_name":"stdout","time":11.386663558,"data":"P100 detected -\u003e reinstalling torch cu118 build (retains Pascal/sm_60 support)\n"}
,{"stream_name":"stdout","time":22.202352353,"data":"     ━━━━━━━━━━━━━━━━━━━━━━━━━━━━━━━━━━━━━━━ 839.6/839.6 MB 2.2 MB/s eta 0:00:00\n"}
,{"stream_name":"stdout","time":22.404816865,"data":"     ━━━━━━━━━━━━━━━━━━━━━━━━━━━━━━━━━━━━━━━ 839.6/839.6 MB 2.2 MB/s eta 0:00:00\n"}
,{"stream_name":"stdout","time":25.001196764,"data":"     ━━━━━━━━━━━━━━━━━━━━━━━━━━━━━━━━━━━━━━━━ 23.2/23.2 MB 78.4 MB/s eta 0:00:00\n"}
,{"stream_name":"stdout","time":25.139097597,"data":"     ━━━━━━━━━━━━━━━━━━━━━━━━━━━━━━━━━━━━━━ 875.6/875.6 kB 52.4 MB/s eta 0:00:00\n"}
,{"stream_name":"stdout","time":25.203718768,"data":"     ━━━━━━━━━━━━━━━━━━━━━━━━━━━━━━━━━━━━━━━━ 23.2/23.2 MB 78.4 MB/s eta 0:00:00\n"}
,{"stream_name":"stdout","time":25.203779664,"data":"     ━━━━━━━━━━━━━━━━━━━━━━━━━━━━━━━━━━━━━━ 875.6/875.6 kB 52.4 MB/s eta 0:00:00\n"}
,{"stream_name":"stdout","time":25.304966484,"data":"     ━━━━━━━━━━━━━━━━━━━━━━━━━━━━━━━━━━━━━━━ 13.1/13.1 MB 103.1 MB/s eta 0:00:00\n"}
,{"stream_name":"stdout","time":25.506838251,"data":"     ━━━━━━━━━━━━━━━━━━━━━━━━━━━━━━━━━━━━━━━ 13.1/13.1 MB 103.1 MB/s eta 0:00:00\n"}
,{"stream_name":"stdout","time":33.289465484,"data":"     ━━━━━━━━━━━━━━━━━━━━━━━━━━━━━━━━━━━━━━━ 728.5/728.5 MB 2.6 MB/s eta 0:00:00\n"}
,{"stream_name":"stdout","time":33.492231414,"data":"     ━━━━━━━━━━━━━━━━━━━━━━━━━━━━━━━━━━━━━━━ 728.5/728.5 MB 2.6 MB/s eta 0:00:00\n"}
,{"stream_name":"stdout","time":41.61791182,"data":"     ━━━━━━━━━━━━━━━━━━━━━━━━━━━━━━━━━━━━━━━ 417.9/417.9 MB 3.0 MB/s eta 0:00:00\n"}
,{"stream_name":"stdout","time":41.821814243,"data":"     ━━━━━━━━━━━━━━━━━━━━━━━━━━━━━━━━━━━━━━━ 417.9/417.9 MB 3.0 MB/s eta 0:00:00\n"}
,{"stream_name":"stdout","time":44.970426266,"data":"     ━━━━━━━━━━━━━━━━━━━━━━━━━━━━━━━━━━━━━━━ 168.4/168.4 MB 8.5 MB/s eta 0:00:00\n"}
,{"stream_name":"stdout","time":45.172741227,"data":"     ━━━━━━━━━━━━━━━━━━━━━━━━━━━━━━━━━━━━━━━ 168.4/168.4 MB 8.5 MB/s eta 0:00:00\n"}
,{"stream_name":"stdout","time":46.853660528,"data":"     ━━━━━━━━━━━━━━━━━━━━━━━━━━━━━━━━━━━━━━━━ 58.1/58.1 MB 23.7 MB/s eta 0:00:00\n"}
,{"stream_name":"stdout","time":47.056594258,"data":"     ━━━━━━━━━━━━━━━━━━━━━━━━━━━━━━━━━━━━━━━━ 58.1/58.1 MB 23.7 MB/s eta 0:00:00\n"}
,{"stream_name":"stdout","time":48.349145849,"data":"     ━━━━━━━━━━━━━━━━━━━━━━━━━━━━━━━━━━━━━━ 128.2/128.2 MB 14.9 MB/s eta 0:00:00\n"}
,{"stream_name":"stdout","time":48.551324112,"data":"     ━━━━━━━━━━━━━━━━━━━━━━━━━━━━━━━━━━━━━━ 128.2/128.2 MB 14.9 MB/s eta 0:00:00\n"}
,{"stream_name":"stdout","time":50.759441802,"data":"     ━━━━━━━━━━━━━━━━━━━━━━━━━━━━━━━━━━━━━━━ 204.1/204.1 MB 9.1 MB/s eta 0:00:00\n"}
,{"stream_name":"stdout","time":50.961824529,"data":"     ━━━━━━━━━━━━━━━━━━━━━━━━━━━━━━━━━━━━━━━ 204.1/204.1 MB 9.1 MB/s eta 0:00:00\n"}
,{"stream_name":"stdout","time":53.129673702,"data":"     ━━━━━━━━━━━━━━━━━━━━━━━━━━━━━━━━━━━━━━━ 142.9/142.9 MB 9.4 MB/s eta 0:00:00\n"}
,{"stream_name":"stdout","time":53.331701488,"data":"     ━━━━━━━━━━━━━━━━━━━━━━━━━━━━━━━━━━━━━━━ 142.9/142.9 MB 9.4 MB/s eta 0:00:00\n"}
,{"stream_name":"stdout","time":54.775373778,"data":"     ━━━━━━━━━━━━━━━━━━━━━━━━━━━━━━━━━━━━━━━━ 99.1/99.1 kB 7.1 MB/s eta 0:00:00\n"}
,{"stream_name":"stdout","time":54.977650197,"data":"     ━━━━━━━━━━━━━━━━━━━━━━━━━━━━━━━━━━━━━━━━ 99.1/99.1 kB 7.1 MB/s eta 0:00:00\n"}
,{"stream_name":"stderr","time":129.623723898,"data":"ERROR: pip's dependency resolver does not currently take into account all the packages that are installed. This behaviour is the source of the following dependency conflicts.\n"}
,{"stream_name":"stderr","time":129.623781899,"data":"torchaudio 2.10.0+cu128 requires torch==2.10.0, but you have torch 2.3.1+cu118 which is incompatible.\n"}
,{"stream_name":"stderr","time":129.623789371,"data":"torchvision 0.25.0+cu128 requires torch==2.10.0, but you have torch 2.3.1+cu118 which is incompatible.\n"}
,{"stream_name":"stderr","time":129.828096695,"data":"ERROR: pip's dependency resolver does not currently take into account all the packages that are installed. This behaviour is the source of the following dependency conflicts.\n"}
,{"stream_name":"stderr","time":129.828126932,"data":"torchaudio 2.10.0+cu128 requires torch==2.10.0, but you have torch 2.3.1+cu118 which is incompatible.\n"}
,{"stream_name":"stderr","time":129.82813374,"data":"torchvision 0.25.0+cu128 requires torch==2.10.0, but you have torch 2.3.1+cu118 which is incompatible.\n"}
,{"stream_name":"stderr","time":129.828139001,"data":"\n"}
,{"stream_name":"stderr","time":129.828143603,"data":"ERROR: pip's dependency resolver does not currently take into account all the packages that are installed. This behaviour is the source of the following dependency conflicts.\n"}
,{"stream_name":"stderr","time":129.828165741,"data":"torchaudio 2.10.0+cu128 requires torch==2.10.0, but you have torch 2.3.1+cu118 which is incompatible.\n"}
,{"stream_name":"stderr","time":129.828169124,"data":"torchvision 0.25.0+cu128 requires torch==2.10.0, but you have torch 2.3.1+cu118 which is incompatible.\n"}
,{"stream_name":"stdout","time":134.651714257,"data":"   ━━━━━━━━━━━━━━━━━━━━━━━━━━━━━━━━━━━━━━━━ 44.5/44.5 kB 1.5 MB/s eta 0:00:00\n"}
,{"stream_name":"stdout","time":134.853794364,"data":"   ━━━━━━━━━━━━━━━━━━━━━━━━━━━━━━━━━━━━━━━━ 44.5/44.5 kB 1.5 MB/s eta 0:00:00\n"}
,{"stream_name":"stdout","time":139.303254713,"data":"COMP_DIR = /kaggle/input/competitions/playground-series-s6e8\n"}
,{"stream_name":"stdout","time":140.908871195,"data":"train: (691369, 14), test: (296302, 13)\n"}
,{"stream_name":"stdout","time":140.908926796,"data":"補完値(imp_*)を計算中（train+test結合、transductive）...\n"}
,{"stream_name":"stdout","time":156.061548507,"data":"  imp_age: 欠損46,067件を補完\n"}
,{"stream_name":"stdout","time":172.706653348,"data":"  imp_daily_screen_time_hours: 欠損128,642件を補完\n"}
,{"stream_name":"stdout","time":188.14102551,"data":"  imp_social_media_hours: 欠損181,392件を補完\n"}
,{"stream_name":"stdout","time":202.446895258,"data":"  imp_gaming_hours: 欠損186,241件を補完\n"}
,{"stream_name":"stdout","time":217.251415771,"data":"  imp_work_study_hours: 欠損79,295件を補完\n"}
,{"stream_name":"stdout","time":230.192581603,"data":"  imp_sleep_hours: 欠損66,935件を補完\n"}
,{"stream_name":"stdout","time":242.589624097,"data":"  imp_notifications_per_day: 欠損101,805件を補完\n"}
,{"stream_name":"stdout","time":255.765123916,"data":"  imp_app_opens_per_day: 欠損106,415件を補完\n"}
,{"stream_name":"stdout","time":270.472384946,"data":"  imp_weekend_screen_time: 欠損162,760件を補完\n"}
,{"stream_name":"stdout","time":271.240720897,"data":"n_features = 22, device=cuda\n"}
,{"stream_name":"stderr","time":271.663321512,"data":"[I 2026-08-22 10:01:31,342] A new study created in memory with name: tabnet_working_hp\n"}
,{"stream_name":"stderr","time":271.663359054,"data":"\n"}
,{"stream_name":"stderr","time":271.663367544,"data":"[I 2026-08-22 10:01:31,342] A new study created in memory with name: tabnet_working_hp\n"}
,{"stream_name":"stdout","time":271.864435041,"data":"\n"}
,{"stream_name":"stdout","time":271.864478484,"data":"Optunaサーチ開始: n_trials=15, スクリーニング=2fold平均, epoch(pretrain15+finetune30)\n"}
,{"stream_name":"stderr","time":276.55269762,"data":"/usr/local/lib/python3.12/dist-packages/pytorch_tabnet/abstract_model.py:687: UserWarning: No early stopping will be performed, last training weights will be used.\n"}
,{"stream_name":"stderr","time":276.552745501,"data":"  warnings.warn(wrn_msg)\n"}
,{"stream_name":"stderr","time":276.552754241,"data":"\n"}
,{"stream_name":"stderr","time":276.552760538,"data":"/usr/local/lib/python3.12/dist-packages/pytorch_tabnet/abstract_model.py:687: UserWarning: No early stopping will be performed, last training weights will be used.\n"}
,{"stream_name":"stderr","time":276.55276733,"data":"  warnings.warn(wrn_msg)\n"}
,{"stream_name":"stderr","time":454.74133183,"data":"/usr/local/lib/python3.12/dist-packages/pytorch_tabnet/abstract_model.py:248: UserWarning: Loading weights from unsupervised pretraining\n"}
,{"stream_name":"stderr","time":454.741389859,"data":"  warnings.warn(\"Loading weights from unsupervised pretraining\")\n"}
,{"stream_name":"stderr","time":454.741395085,"data":"\n"}
,{"stream_name":"stderr","time":454.741409695,"data":"/usr/local/lib/python3.12/dist-packages/pytorch_tabnet/abstract_model.py:248: UserWarning: Loading weights from unsupervised pretraining\n"}
,{"stream_name":"stderr","time":454.741414519,"data":"  warnings.warn(\"Loading weights from unsupervised pretraining\")\n"}
,{"stream_name":"stdout","time":806.51025683,"data":"Stop training because you reached max_epochs = 30 with best_epoch = 28 and best_val_0_auc = 0.96479\n"}
,{"stream_name":"stderr","time":806.511374625,"data":"/usr/local/lib/python3.12/dist-packages/pytorch_tabnet/callbacks.py:172: UserWarning: Best weights from best epoch are automatically used!\n"}
,{"stream_name":"stderr","time":806.511395488,"data":"  warnings.warn(wrn_msg)\n"}
,{"stream_name":"stderr","time":806.51140119,"data":"\n"}
,{"stream_name":"stderr","time":806.51140562,"data":"/usr/local/lib/python3.12/dist-packages/pytorch_tabnet/callbacks.py:172: UserWarning: Best weights from best epoch are automatically used!\n"}
,{"stream_name":"stderr","time":806.511410543,"data":"  warnings.warn(wrn_msg)\n"}
,{"stream_name":"stderr","time":818.89740847,"data":"/usr/local/lib/python3.12/dist-packages/pytorch_tabnet/abstract_model.py:687: UserWarning: No early stopping will be performed, last training weights will be used.\n"}
,{"stream_name":"stderr","time":818.897453269,"data":"  warnings.warn(wrn_msg)\n"}
,{"stream_name":"stderr","time":818.897457951,"data":"\n"}
,{"stream_name":"stderr","time":818.897461138,"data":"/usr/local/lib/python3.12/dist-packages/pytorch_tabnet/abstract_model.py:687: UserWarning: No early stopping will be performed, last training weights will be used.\n"}
,{"stream_name":"stderr","time":818.897465366,"data":"  warnings.warn(wrn_msg)\n"}
,{"stream_name":"stderr","time":995.084217267,"data":"/usr/local/lib/python3.12/dist-packages/pytorch_tabnet/abstract_model.py:248: UserWarning: Loading weights from unsupervised pretraining\n"}
,{"stream_name":"stderr","time":995.084255458,"data":"  warnings.warn(\"Loading weights from unsupervised pretraining\")\n"}
,{"stream_name":"stderr","time":995.084263323,"data":"\n"}
,{"stream_name":"stderr","time":995.084271898,"data":"/usr/local/lib/python3.12/dist-packages/pytorch_tabnet/abstract_model.py:248: UserWarning: Loading weights from unsupervised pretraining\n"}
,{"stream_name":"stderr","time":995.084275582,"data":"  warnings.warn(\"Loading weights from unsupervised pretraining\")\n"}
,{"stream_name":"stdout","time":1341.436153183,"data":"Stop training because you reached max_epochs = 30 with best_epoch = 28 and best_val_0_auc = 0.96538\n"}
,{"stream_name":"stderr","time":1341.437263081,"data":"/usr/local/lib/python3.12/dist-packages/pytorch_tabnet/callbacks.py:172: UserWarning: Best weights from best epoch are automatically used!\n"}
,{"stream_name":"stderr","time":1341.437285912,"data":"  warnings.warn(wrn_msg)\n"}
,{"stream_name":"stderr","time":1341.437292313,"data":"\n"}
,{"stream_name":"stderr","time":1341.437297663,"data":"/usr/local/lib/python3.12/dist-packages/pytorch_tabnet/callbacks.py:172: UserWarning: Best weights from best epoch are automatically used!\n"}
,{"stream_name":"stderr","time":1341.437303637,"data":"  warnings.warn(wrn_msg)\n"}
,{"stream_name":"stderr","time":1352.463534688,"data":"[I 2026-08-22 10:19:32,142] Trial 0 finished with value: 0.9650858071225106 and parameters: {'n_d': 8, 'n_steps': 4, 'gamma': 1.5038373096474196, 'cat_emb_dim': 4, 'lambda_sparse': 0.008370298196581544, 'momentum': 0.3568922326493593, 'lr': 0.006001028253591609}. Best is trial 0 with value: 0.9650858071225106.\n"}
,{"stream_name":"stderr","time":1352.463605473,"data":"\n"}
,{"stream_name":"stderr","time":1352.463611686,"data":"[I 2026-08-22 10:19:32,142] Trial 0 finished with value: 0.9650858071225106 and parameters: {'n_d': 8, 'n_steps': 4, 'gamma': 1.5038373096474196, 'cat_emb_dim': 4, 'lambda_sparse': 0.008370298196581544, 'momentum': 0.3568922326493593, 'lr': 0.006001028253591609}. Best is trial 0 with value: 0.9650858071225106.\n"}
,{"stream_name":"stdout","time":1352.663869858,"data":"  trial0: 0.96509  {'n_d': 8, 'n_steps': 4, 'gamma': 1.5038373096474196, 'cat_emb_dim': 4, 'lambda_sparse': 0.008370298196581544, 'momentum': 0.3568922326493593, 'lr': 0.006001028253591609}\n"}
,{"stream_name":"stderr","time":1352.9465662,"data":"/usr/local/lib/python3.12/dist-packages/pytorch_tabnet/abstract_model.py:687: UserWarning: No early stopping will be performed, last training weights will be used.\n"}
,{"stream_name":"stderr","time":1352.946603999,"data":"  warnings.warn(wrn_msg)\n"}
,{"stream_name":"stderr","time":1352.946609838,"data":"\n"}
,{"stream_name":"stderr","time":1352.9466141,"data":"/usr/local/lib/python3.12/dist-packages/pytorch_tabnet/abstract_model.py:687: UserWarning: No early stopping will be performed, last training weights will be used.\n"}
,{"stream_name":"stderr","time":1352.94663806,"data":"  warnings.warn(wrn_msg)\n"}
,{"stream_name":"stderr","time":1516.368445127,"data":"/usr/local/lib/python3.12/dist-packages/pytorch_tabnet/abstract_model.py:248: UserWarning: Loading weights from unsupervised pretraining\n"}
,{"stream_name":"stderr","time":1516.368483719,"data":"  warnings.warn(\"Loading weights from unsupervised pretraining\")\n"}
,{"stream_name":"stderr","time":1516.368489775,"data":"\n"}
,{"stream_name":"stderr","time":1516.368494262,"data":"/usr/local/lib/python3.12/dist-packages/pytorch_tabnet/abstract_model.py:248: UserWarning: Loading weights from unsupervised pretraining\n"}
,{"stream_name":"stderr","time":1516.368499416,"data":"  warnings.warn(\"Loading weights from unsupervised pretraining\")\n"}
,{"stream_name":"stdout","time":1841.320351701,"data":"Stop training because you reached max_epochs = 30 with best_epoch = 25 and best_val_0_auc = 0.96587\n"}
,{"stream_name":"stderr","time":1841.320612391,"data":"/usr/local/lib/python3.12/dist-packages/pytorch_tabnet/callbacks.py:172: UserWarning: Best weights from best epoch are automatically used!\n"}
,{"stream_name":"stderr","time":1841.320626369,"data":"  warnings.warn(wrn_msg)\n"}
,{"stream_name":"stderr","time":1841.320631416,"data":"\n"}
,{"stream_name":"stderr","time":1841.320647336,"data":"/usr/local/lib/python3.12/dist-packages/pytorch_tabnet/callbacks.py:172: UserWarning: Best weights from best epoch are automatically used!\n"}
,{"stream_name":"stderr","time":1841.320653314,"data":"  warnings.warn(wrn_msg)\n"}
,{"stream_name":"stderr","time":1852.973726086,"data":"/usr/local/lib/python3.12/dist-packages/pytorch_tabnet/abstract_model.py:687: UserWarning: No early stopping will be performed, last training weights will be used.\n"}
,{"stream_name":"stderr","time":1852.973768387,"data":"  warnings.warn(wrn_msg)\n"}
,{"stream_name":"stderr","time":1852.973774303,"data":"\n"}
,{"stream_name":"stderr","time":1852.973780175,"data":"/usr/local/lib/python3.12/dist-packages/pytorch_tabnet/abstract_model.py:687: UserWarning: No early stopping will be performed, last training weights will be used.\n"}
,{"stream_name":"stderr","time":1852.973788444,"data":"  warnings.warn(wrn_msg)\n"}
,{"stream_name":"stderr","time":2014.967317543,"data":"/usr/local/lib/python3.12/dist-packages/pytorch_tabnet/abstract_model.py:248: UserWarning: Loading weights from unsupervised pretraining\n"}
,{"stream_name":"stderr","time":2014.967389664,"data":"  warnings.warn(\"Loading weights from unsupervised pretraining\")\n"}
,{"stream_name":"stderr","time":2014.967407109,"data":"\n"}
,{"stream_name":"stderr","time":2014.967411288,"data":"/usr/local/lib/python3.12/dist-packages/pytorch_tabnet/abstract_model.py:248: UserWarning: Loading weights from unsupervised pretraining\n"}
,{"stream_name":"stderr","time":2014.967414916,"data":"  warnings.warn(\"Loading weights from unsupervised pretraining\")\n"}
,{"stream_name":"stdout","time":2308.200276375,"data":"\n"}
,{"stream_name":"stdout","time":2308.200337194,"data":"Early stopping occurred at epoch 26 with best_epoch = 18 and best_val_0_auc = 0.96653\n"}
,{"stream_name":"stderr","time":2308.201220289,"data":"/usr/local/lib/python3.12/dist-packages/pytorch_tabnet/callbacks.py:172: UserWarning: Best weights from best epoch are automatically used!\n"}
,{"stream_name":"stderr","time":2308.201241366,"data":"  warnings.warn(wrn_msg)\n"}
,{"stream_name":"stderr","time":2308.20124673,"data":"\n"}
,{"stream_name":"stderr","time":2308.201251545,"data":"/usr/local/lib/python3.12/dist-packages/pytorch_tabnet/callbacks.py:172: UserWarning: Best weights from best epoch are automatically used!\n"}
,{"stream_name":"stderr","time":2308.201256717,"data":"  warnings.warn(wrn_msg)\n"}
,{"stream_name":"stderr","time":2319.491299471,"data":"[I 2026-08-22 10:35:39,168] Trial 1 finished with value: 0.9661957299294536 and parameters: {'n_d': 32, 'n_steps': 4, 'gamma': 1.1564324837339524, 'cat_emb_dim': 4, 'lambda_sparse': 0.0009367922838760372, 'momentum': 0.07436143544472143, 'lr': 0.006571318833780545}. Best is trial 1 with value: 0.9661957299294536.\n"}
,{"stream_name":"stderr","time":2319.491350096,"data":"\n"}
,{"stream_name":"stderr","time":2319.491357105,"data":"[I 2026-08-22 10:35:39,168] Trial 1 finished with value: 0.9661957299294536 and parameters: {'n_d': 32, 'n_steps': 4, 'gamma': 1.1564324837339524, 'cat_emb_dim': 4, 'lambda_sparse': 0.0009367922838760372, 'momentum': 0.07436143544472143, 'lr': 0.006571318833780545}. Best is trial 1 with value: 0.9661957299294536.\n"}
,{"stream_name":"stdout","time":2319.690610694,"data":"  trial1: 0.96620  {'n_d': 32, 'n_steps': 4, 'gamma': 1.1564324837339524, 'cat_emb_dim': 4, 'lambda_sparse': 0.0009367922838760372, 'momentum': 0.07436143544472143, 'lr': 0.006571318833780545}\n"}
,{"stream_name":"stderr","time":2319.967736282,"data":"/usr/local/lib/python3.12/dist-packages/pytorch_tabnet/abstract_model.py:687: UserWarning: No early stopping will be performed, last training weights will be used.\n"}
,{"stream_name":"stderr","time":2319.967774344,"data":"  warnings.warn(wrn_msg)\n"}
,{"stream_name":"stderr","time":2319.967780804,"data":"\n"}
,{"stream_name":"stderr","time":2319.96778619,"data":"/usr/local/lib/python3.12/dist-packages/pytorch_tabnet/abstract_model.py:687: UserWarning: No early stopping will be performed, last training weights will be used.\n"}
,{"stream_name":"stderr","time":2319.967791157,"data":"  warnings.warn(wrn_msg)\n"}
,{"stream_name":"stderr","time":2512.369280968,"data":"/usr/local/lib/python3.12/dist-packages/pytorch_tabnet/abstract_model.py:248: UserWarning: Loading weights from unsupervised pretraining\n"}
,{"stream_name":"stderr","time":2512.369321259,"data":"  warnings.warn(\"Loading weights from unsupervised pretraining\")\n"}
,{"stream_name":"stderr","time":2512.369325945,"data":"\n"}
,{"stream_name":"stderr","time":2512.369329232,"data":"/usr/local/lib/python3.12/dist-packages/pytorch_tabnet/abstract_model.py:248: UserWarning: Loading weights from unsupervised pretraining\n"}
,{"stream_name":"stderr","time":2512.369332774,"data":"  warnings.warn(\"Loading weights from unsupervised pretraining\")\n"}
,{"stream_name":"stdout","time":2892.674334633,"data":"Stop training because you reached max_epochs = 30 with best_epoch = 29 and best_val_0_auc = 0.95356\n"}
,{"stream_name":"stderr","time":2892.674694913,"data":"/usr/local/lib/python3.12/dist-packages/pytorch_tabnet/callbacks.py:172: UserWarning: Best weights from best epoch are automatically used!\n"}
,{"stream_name":"stderr","time":2892.674706673,"data":"  warnings.warn(wrn_msg)\n"}
,{"stream_name":"stderr","time":2892.674722325,"data":"\n"}
,{"stream_name":"stderr","time":2892.674727757,"data":"/usr/local/lib/python3.12/dist-packages/pytorch_tabnet/callbacks.py:172: UserWarning: Best weights from best epoch are automatically used!\n"}
,{"stream_name":"stderr","time":2892.674731382,"data":"  warnings.warn(wrn_msg)\n"}
,{"stream_name":"stderr","time":2905.789668631,"data":"/usr/local/lib/python3.12/dist-packages/pytorch_tabnet/abstract_model.py:687: UserWarning: No early stopping will be performed, last training weights will be used.\n"}
,{"stream_name":"stderr","time":2905.789712768,"data":"  warnings.warn(wrn_msg)\n"}
,{"stream_name":"stderr","time":2905.789716805,"data":"\n"}
,{"stream_name":"stderr","time":2905.78972004,"data":"/usr/local/lib/python3.12/dist-packages/pytorch_tabnet/abstract_model.py:687: UserWarning: No early stopping will be performed, last training weights will be used.\n"}
,{"stream_name":"stderr","time":2905.789742731,"data":"  warnings.warn(wrn_msg)\n"}
,{"stream_name":"stderr","time":3103.324024121,"data":"/usr/local/lib/python3.12/dist-packages/pytorch_tabnet/abstract_model.py:248: UserWarning: Loading weights from unsupervised pretraining\n"}
,{"stream_name":"stderr","time":3103.324065135,"data":"  warnings.warn(\"Loading weights from unsupervised pretraining\")\n"}
,{"stream_name":"stderr","time":3103.324071597,"data":"\n"}
,{"stream_name":"stderr","time":3103.324076309,"data":"/usr/local/lib/python3.12/dist-packages/pytorch_tabnet/abstract_model.py:248: UserWarning: Loading weights from unsupervised pretraining\n"}
,{"stream_name":"stderr","time":3103.324081249,"data":"  warnings.warn(\"Loading weights from unsupervised pretraining\")\n"}
,{"stream_name":"stdout","time":3483.118355953,"data":"Stop training because you reached max_epochs = 30 with best_epoch = 29 and best_val_0_auc = 0.95972\n"}
,{"stream_name":"stderr","time":3483.119462366,"data":"/usr/local/lib/python3.12/dist-packages/pytorch_tabnet/callbacks.py:172: UserWarning: Best weights from best epoch are automatically used!\n"}
,{"stream_name":"stderr","time":3483.119500553,"data":"  warnings.warn(wrn_msg)\n"}
,{"stream_name":"stderr","time":3483.119506479,"data":"\n"}
,{"stream_name":"stderr","time":3483.119510939,"data":"/usr/local/lib/python3.12/dist-packages/pytorch_tabnet/callbacks.py:172: UserWarning: Best weights from best epoch are automatically used!\n"}
,{"stream_name":"stderr","time":3483.119516071,"data":"  warnings.warn(wrn_msg)\n"}
,{"stream_name":"stderr","time":3496.243139619,"data":"[I 2026-08-22 10:55:15,920] Trial 2 finished with value: 0.9566411722369859 and parameters: {'n_d': 32, 'n_steps': 5, 'gamma': 1.9696789255293417, 'cat_emb_dim': 2, 'lambda_sparse': 0.0009561242243320444, 'momentum': 0.13531044835508552, 'lr': 0.006208710455546279}. Best is trial 1 with value: 0.9661957299294536.\n"}
,{"stream_name":"stderr","time":3496.243225841,"data":"\n"}
,{"stream_name":"stderr","time":3496.243235299,"data":"[I 2026-08-22 10:55:15,920] Trial 2 finished with value: 0.9566411722369859 and parameters: {'n_d': 32, 'n_steps': 5, 'gamma': 1.9696789255293417, 'cat_emb_dim': 2, 'lambda_sparse': 0.0009561242243320444, 'momentum': 0.13531044835508552, 'lr': 0.006208710455546279}. Best is trial 1 with value: 0.9661957299294536.\n"}
,{"stream_name":"stdout","time":3496.442065279,"data":"  trial2: 0.95664  {'n_d': 32, 'n_steps': 5, 'gamma': 1.9696789255293417, 'cat_emb_dim': 2, 'lambda_sparse': 0.0009561242243320444, 'momentum': 0.13531044835508552, 'lr': 0.006208710455546279}\n"}
,{"stream_name":"stderr","time":3496.722306353,"data":"/usr/local/lib/python3.12/dist-packages/pytorch_tabnet/abstract_model.py:687: UserWarning: No early stopping will be performed, last training weights will be used.\n"}
,{"stream_name":"stderr","time":3496.722346708,"data":"  warnings.warn(wrn_msg)\n"}
,{"stream_name":"stderr","time":3496.722350719,"data":"\n"}
,{"stream_name":"stderr","time":3496.722366392,"data":"/usr/local/lib/python3.12/dist-packages/pytorch_tabnet/abstract_model.py:687: UserWarning: No early stopping will be performed, last training weights will be used.\n"}
,{"stream_name":"stderr","time":3496.722370845,"data":"  warnings.warn(wrn_msg)\n"}
,{"stream_name":"stderr","time":3698.975487612,"data":"/usr/local/lib/python3.12/dist-packages/pytorch_tabnet/abstract_model.py:248: UserWarning: Loading weights from unsupervised pretraining\n"}
,{"stream_name":"stderr","time":3698.975528879,"data":"  warnings.warn(\"Loading weights from unsupervised pretraining\")\n"}
,{"stream_name":"stderr","time":3698.975533474,"data":"\n"}
,{"stream_name":"stderr","time":3698.975536682,"data":"/usr/local/lib/python3.12/dist-packages/pytorch_tabnet/abstract_model.py:248: UserWarning: Loading weights from unsupervised pretraining\n"}
,{"stream_name":"stderr","time":3698.975540714,"data":"  warnings.warn(\"Loading weights from unsupervised pretraining\")\n"}
,{"stream_name":"stdout","time":4022.722152524,"data":"\n"}
,{"stream_name":"stdout","time":4022.722194009,"data":"Early stopping occurred at epoch 24 with best_epoch = 16 and best_val_0_auc = 0.96628\n"}
,{"stream_name":"stderr","time":4022.72316322,"data":"/usr/local/lib/python3.12/dist-packages/pytorch_tabnet/callbacks.py:172: UserWarning: Best weights from best epoch are automatically used!\n"}
,{"stream_name":"stderr","time":4022.723186912,"data":"  warnings.warn(wrn_msg)\n"}
,{"stream_name":"stderr","time":4022.72321035,"data":"\n"}
,{"stream_name":"stderr","time":4022.723216109,"data":"/usr/local/lib/python3.12/dist-packages/pytorch_tabnet/callbacks.py:172: UserWarning: Best weights from best epoch are automatically used!\n"}
,{"stream_name":"stderr","time":4022.723222182,"data":"  warnings.warn(wrn_msg)\n"}
,{"stream_name":"stderr","time":4036.197326702,"data":"/usr/local/lib/python3.12/dist-packages/pytorch_tabnet/abstract_model.py:687: UserWarning: No early stopping will be performed, last training weights will be used.\n"}
,{"stream_name":"stderr","time":4036.19737053,"data":"  warnings.warn(wrn_msg)\n"}
,{"stream_name":"stderr","time":4036.197377489,"data":"\n"}
,{"stream_name":"stderr","time":4036.197381947,"data":"/usr/local/lib/python3.12/dist-packages/pytorch_tabnet/abstract_model.py:687: UserWarning: No early stopping will be performed, last training weights will be used.\n"}
,{"stream_name":"stderr","time":4036.197386738,"data":"  warnings.warn(wrn_msg)\n"}
,{"stream_name":"stderr","time":4233.142569683,"data":"/usr/local/lib/python3.12/dist-packages/pytorch_tabnet/abstract_model.py:248: UserWarning: Loading weights from unsupervised pretraining\n"}
,{"stream_name":"stderr","time":4233.142618491,"data":"  warnings.warn(\"Loading weights from unsupervised pretraining\")\n"}
,{"stream_name":"stderr","time":4233.142625003,"data":"\n"}
,{"stream_name":"stderr","time":4233.142629661,"data":"/usr/local/lib/python3.12/dist-packages/pytorch_tabnet/abstract_model.py:248: UserWarning: Loading weights from unsupervised pretraining\n"}
,{"stream_name":"stderr","time":4233.142634922,"data":"  warnings.warn(\"Loading weights from unsupervised pretraining\")\n"}
,{"stream_name":"stdout","time":4432.133711668,"data":"\n"}
,{"stream_name":"stdout","time":4432.133749447,"data":"Early stopping occurred at epoch 15 with best_epoch = 7 and best_val_0_auc = 0.96714\n"}
,{"stream_name":"stderr","time":4432.134706966,"data":"/usr/local/lib/python3.12/dist-packages/pytorch_tabnet/callbacks.py:172: UserWarning: Best weights from best epoch are automatically used!\n"}
,{"stream_name":"stderr","time":4432.134726994,"data":"  warnings.warn(wrn_msg)\n"}
,{"stream_name":"stderr","time":4432.134731598,"data":"\n"}
,{"stream_name":"stderr","time":4432.134792608,"data":"/usr/local/lib/python3.12/dist-packages/pytorch_tabnet/callbacks.py:172: UserWarning: Best weights from best epoch are automatically used!\n"}
,{"stream_name":"stderr","time":4432.134798453,"data":"  warnings.warn(wrn_msg)\n"}
,{"stream_name":"stderr","time":4444.822254837,"data":"[I 2026-08-22 11:11:04,500] Trial 3 finished with value: 0.9667070305994621 and parameters: {'n_d': 24, 'n_steps': 5, 'gamma': 1.158762948007202, 'cat_emb_dim': 2, 'lambda_sparse': 0.0006960343833198363, 'momentum': 0.34136926035559806, 'lr': 0.01641520256825819}. Best is trial 3 with value: 0.9667070305994621.\n"}
,{"stream_name":"stderr","time":4444.822295799,"data":"\n"}
,{"stream_name":"stderr","time":4444.822300632,"data":"[I 2026-08-22 11:11:04,500] Trial 3 finished with value: 0.9667070305994621 and parameters: {'n_d': 24, 'n_steps': 5, 'gamma': 1.158762948007202, 'cat_emb_dim': 2, 'lambda_sparse': 0.0006960343833198363, 'momentum': 0.34136926035559806, 'lr': 0.01641520256825819}. Best is trial 3 with value: 0.9667070305994621.\n"}
,{"stream_name":"stdout","time":4445.021436836,"data":"  trial3: 0.96671  {'n_d': 24, 'n_steps': 5, 'gamma': 1.158762948007202, 'cat_emb_dim': 2, 'lambda_sparse': 0.0006960343833198363, 'momentum': 0.34136926035559806, 'lr': 0.01641520256825819}\n"}
,{"stream_name":"stderr","time":4445.312628308,"data":"/usr/local/lib/python3.12/dist-packages/pytorch_tabnet/abstract_model.py:687: UserWarning: No early stopping will be performed, last training weights will be used.\n"}
,{"stream_name":"stderr","time":4445.31267008,"data":"  warnings.warn(wrn_msg)\n"}
,{"stream_name":"stderr","time":4445.312675868,"data":"\n"}
,{"stream_name":"stderr","time":4445.312680003,"data":"/usr/local/lib/python3.12/dist-packages/pytorch_tabnet/abstract_model.py:687: UserWarning: No early stopping will be performed, last training weights will be used.\n"}
,{"stream_name":"stderr","time":4445.31268389,"data":"  warnings.warn(wrn_msg)\n"}
,{"stream_name":"stderr","time":4608.509245265,"data":"/usr/local/lib/python3.12/dist-packages/pytorch_tabnet/abstract_model.py:248: UserWarning: Loading weights from unsupervised pretraining\n"}
,{"stream_name":"stderr","time":4608.509286587,"data":"  warnings.warn(\"Loading weights from unsupervised pretraining\")\n"}
,{"stream_name":"stderr","time":4608.509293552,"data":"\n"}
,{"stream_name":"stderr","time":4608.50929804,"data":"/usr/local/lib/python3.12/dist-packages/pytorch_tabnet/abstract_model.py:248: UserWarning: Loading weights from unsupervised pretraining\n"}
,{"stream_name":"stderr","time":4608.509303458,"data":"  warnings.warn(\"Loading weights from unsupervised pretraining\")\n"}
,{"stream_name":"stdout","time":4809.248612261,"data":"\n"}
,{"stream_name":"stdout","time":4809.24864502,"data":"Early stopping occurred at epoch 17 with best_epoch = 9 and best_val_0_auc = 0.96589\n"}
,{"stream_name":"stderr","time":4809.249736663,"data":"/usr/local/lib/python3.12/dist-packages/pytorch_tabnet/callbacks.py:172: UserWarning: Best weights from best epoch are automatically used!\n"}
,{"stream_name":"stderr","time":4809.24974782,"data":"  warnings.warn(wrn_msg)\n"}
,{"stream_name":"stderr","time":4809.249751944,"data":"\n"}
,{"stream_name":"stderr","time":4809.249755817,"data":"/usr/local/lib/python3.12/dist-packages/pytorch_tabnet/callbacks.py:172: UserWarning: Best weights from best epoch are automatically used!\n"}
,{"stream_name":"stderr","time":4809.249767872,"data":"  warnings.warn(wrn_msg)\n"}
,{"stream_name":"stderr","time":4821.210957406,"data":"/usr/local/lib/python3.12/dist-packages/pytorch_tabnet/abstract_model.py:687: UserWarning: No early stopping will be performed, last training weights will be used.\n"}
,{"stream_name":"stderr","time":4821.210998432,"data":"  warnings.warn(wrn_msg)\n"}
,{"stream_name":"stderr","time":4821.21100263,"data":"\n"}
,{"stream_name":"stderr","time":4821.211005234,"data":"/usr/local/lib/python3.12/dist-packages/pytorch_tabnet/abstract_model.py:687: UserWarning: No early stopping will be performed, last training weights will be used.\n"}
,{"stream_name":"stderr","time":4821.211008092,"data":"  warnings.warn(wrn_msg)\n"}
,{"stream_name":"stderr","time":4983.974698407,"data":"/usr/local/lib/python3.12/dist-packages/pytorch_tabnet/abstract_model.py:248: UserWarning: Loading weights from unsupervised pretraining\n"}
,{"stream_name":"stderr","time":4983.974739945,"data":"  warnings.warn(\"Loading weights from unsupervised pretraining\")\n"}
,{"stream_name":"stderr","time":4983.974746458,"data":"\n"}
,{"stream_name":"stderr","time":4983.974751447,"data":"/usr/local/lib/python3.12/dist-packages/pytorch_tabnet/abstract_model.py:248: UserWarning: Loading weights from unsupervised pretraining\n"}
,{"stream_name":"stderr","time":4983.974756744,"data":"  warnings.warn(\"Loading weights from unsupervised pretraining\")\n"}
,{"stream_name":"stdout","time":5144.280036702,"data":"\n"}
,{"stream_name":"stdout","time":5144.280068353,"data":"Early stopping occurred at epoch 13 with best_epoch = 5 and best_val_0_auc = 0.96669\n"}
,{"stream_name":"stderr","time":5144.281107568,"data":"/usr/local/lib/python3.12/dist-packages/pytorch_tabnet/callbacks.py:172: UserWarning: Best weights from best epoch are automatically used!\n"}
,{"stream_name":"stderr","time":5144.281125064,"data":"  warnings.warn(wrn_msg)\n"}
,{"stream_name":"stderr","time":5144.281132856,"data":"\n"}
,{"stream_name":"stderr","time":5144.281136073,"data":"/usr/local/lib/python3.12/dist-packages/pytorch_tabnet/callbacks.py:172: UserWarning: Best weights from best epoch are automatically used!\n"}
,{"stream_name":"stderr","time":5144.281139849,"data":"  warnings.warn(wrn_msg)\n"}
,{"stream_name":"stderr","time":5156.175563978,"data":"[I 2026-08-22 11:22:55,853] Trial 4 finished with value: 0.9662880648320946 and parameters: {'n_d': 16, 'n_steps': 4, 'gamma': 1.374485132820677, 'cat_emb_dim': 8, 'lambda_sparse': 0.0036297465645059343, 'momentum': 0.08847546925654767, 'lr': 0.022388579648840112}. Best is trial 3 with value: 0.9667070305994621.\n"}
,{"stream_name":"stderr","time":5156.175609886,"data":"\n"}
,{"stream_name":"stderr","time":5156.175616163,"data":"[I 2026-08-22 11:22:55,853] Trial 4 finished with value: 0.9662880648320946 and parameters: {'n_d': 16, 'n_steps': 4, 'gamma': 1.374485132820677, 'cat_emb_dim': 8, 'lambda_sparse': 0.0036297465645059343, 'momentum': 0.08847546925654767, 'lr': 0.022388579648840112}. Best is trial 3 with value: 0.9667070305994621.\n"}
,{"stream_name":"stdout","time":5156.376069874,"data":"  trial4: 0.96629  {'n_d': 16, 'n_steps': 4, 'gamma': 1.374485132820677, 'cat_emb_dim': 8, 'lambda_sparse': 0.0036297465645059343, 'momentum': 0.08847546925654767, 'lr': 0.022388579648840112}\n"}
,{"stream_name":"stderr","time":5156.655208466,"data":"/usr/local/lib/python3.12/dist-packages/pytorch_tabnet/abstract_model.py:687: UserWarning: No early stopping will be performed, last training weights will be used.\n"}
,{"stream_name":"stderr","time":5156.655244463,"data":"  warnings.warn(wrn_msg)\n"}
,{"stream_name":"stderr","time":5156.655251427,"data":"\n"}
,{"stream_name":"stderr","time":5156.655256115,"data":"/usr/local/lib/python3.12/dist-packages/pytorch_tabnet/abstract_model.py:687: UserWarning: No early stopping will be performed, last training weights will be used.\n"}
,{"stream_name":"stderr","time":5156.655280778,"data":"  warnings.warn(wrn_msg)\n"}
,{"stream_name":"stderr","time":5357.405666763,"data":"/usr/local/lib/python3.12/dist-packages/pytorch_tabnet/abstract_model.py:248: UserWarning: Loading weights from unsupervised pretraining\n"}
,{"stream_name":"stderr","time":5357.405718657,"data":"  warnings.warn(\"Loading weights from unsupervised pretraining\")\n"}
,{"stream_name":"stderr","time":5357.405725228,"data":"\n"}
,{"stream_name":"stderr","time":5357.405730019,"data":"/usr/local/lib/python3.12/dist-packages/pytorch_tabnet/abstract_model.py:248: UserWarning: Loading weights from unsupervised pretraining\n"}
,{"stream_name":"stderr","time":5357.405735476,"data":"  warnings.warn(\"Loading weights from unsupervised pretraining\")\n"}
,{"stream_name":"stdout","time":5743.201518558,"data":"Stop training because you reached max_epochs = 30 with best_epoch = 25 and best_val_0_auc = 0.96482\n"}
,{"stream_name":"stderr","time":5743.202524836,"data":"/usr/local/lib/python3.12/dist-packages/pytorch_tabnet/callbacks.py:172: UserWarning: Best weights from best epoch are automatically used!\n"}
,{"stream_name":"stderr","time":5743.202545865,"data":"  warnings.warn(wrn_msg)\n"}
,{"stream_name":"stderr","time":5743.202550558,"data":"\n"}
,{"stream_name":"stderr","time":5743.202554665,"data":"/usr/local/lib/python3.12/dist-packages/pytorch_tabnet/callbacks.py:172: UserWarning: Best weights from best epoch are automatically used!\n"}
,{"stream_name":"stderr","time":5743.202559306,"data":"  warnings.warn(wrn_msg)\n"}
,{"stream_name":"stderr","time":5757.333519802,"data":"/usr/local/lib/python3.12/dist-packages/pytorch_tabnet/abstract_model.py:687: UserWarning: No early stopping will be performed, last training weights will be used.\n"}
,{"stream_name":"stderr","time":5757.333560889,"data":"  warnings.warn(wrn_msg)\n"}
,{"stream_name":"stderr","time":5757.333572906,"data":"\n"}
,{"stream_name":"stderr","time":5757.333576492,"data":"/usr/local/lib/python3.12/dist-packages/pytorch_tabnet/abstract_model.py:687: UserWarning: No early stopping will be performed, last training weights will be used.\n"}
,{"stream_name":"stderr","time":5757.333579927,"data":"  warnings.warn(wrn_msg)\n"}
,{"stream_name":"stderr","time":5958.155022566,"data":"/usr/local/lib/python3.12/dist-packages/pytorch_tabnet/abstract_model.py:248: UserWarning: Loading weights from unsupervised pretraining\n"}
,{"stream_name":"stderr","time":5958.155060261,"data":"  warnings.warn(\"Loading weights from unsupervised pretraining\")\n"}
,{"stream_name":"stderr","time":5958.155067858,"data":"\n"}
,{"stream_name":"stderr","time":5958.155076166,"data":"/usr/local/lib/python3.12/dist-packages/pytorch_tabnet/abstract_model.py:248: UserWarning: Loading weights from unsupervised pretraining\n"}
,{"stream_name":"stderr","time":5958.155080061,"data":"  warnings.warn(\"Loading weights from unsupervised pretraining\")\n"}
,{"stream_name":"stdout","time":6125.928459552,"data":"\n"}
,{"stream_name":"stdout","time":6125.928510064,"data":"Early stopping occurred at epoch 12 with best_epoch = 4 and best_val_0_auc = 0.96661\n"}
,{"stream_name":"stderr","time":6125.929606183,"data":"/usr/local/lib/python3.12/dist-packages/pytorch_tabnet/callbacks.py:172: UserWarning: Best weights from best epoch are automatically used!\n"}
,{"stream_name":"stderr","time":6125.929626884,"data":"  warnings.warn(wrn_msg)\n"}
,{"stream_name":"stderr","time":6125.929633752,"data":"\n"}
,{"stream_name":"stderr","time":6125.929639535,"data":"/usr/local/lib/python3.12/dist-packages/pytorch_tabnet/callbacks.py:172: UserWarning: Best weights from best epoch are automatically used!\n"}
,{"stream_name":"stderr","time":6125.92967248,"data":"  warnings.warn(wrn_msg)\n"}
,{"stream_name":"stderr","time":6139.543590244,"data":"[I 2026-08-22 11:39:19,221] Trial 5 finished with value: 0.9657140472794865 and parameters: {'n_d': 24, 'n_steps': 5, 'gamma': 1.0294208173113475, 'cat_emb_dim': 4, 'lambda_sparse': 0.008721370669194872, 'momentum': 0.0253941687435926, 'lr': 0.030168733324205065}. Best is trial 3 with value: 0.9667070305994621.\n"}
,{"stream_name":"stderr","time":6139.543658868,"data":"\n"}
,{"stream_name":"stderr","time":6139.543665806,"data":"[I 2026-08-22 11:39:19,221] Trial 5 finished with value: 0.9657140472794865 and parameters: {'n_d': 24, 'n_steps': 5, 'gamma': 1.0294208173113475, 'cat_emb_dim': 4, 'lambda_sparse': 0.008721370669194872, 'momentum': 0.0253941687435926, 'lr': 0.030168733324205065}. Best is trial 3 with value: 0.9667070305994621.\n"}
,{"stream_name":"stdout","time":6139.742411001,"data":"  trial5: 0.96571  {'n_d': 24, 'n_steps': 5, 'gamma': 1.0294208173113475, 'cat_emb_dim': 4, 'lambda_sparse': 0.008721370669194872, 'momentum': 0.0253941687435926, 'lr': 0.030168733324205065}\n"}
,{"stream_name":"stderr","time":6140.021310259,"data":"/usr/local/lib/python3.12/dist-packages/pytorch_tabnet/abstract_model.py:687: UserWarning: No early stopping will be performed, last training weights will be used.\n"}
,{"stream_name":"stderr","time":6140.021348103,"data":"  warnings.warn(wrn_msg)\n"}
,{"stream_name":"stderr","time":6140.021353676,"data":"\n"}
,{"stream_name":"stderr","time":6140.021357533,"data":"/usr/local/lib/python3.12/dist-packages/pytorch_tabnet/abstract_model.py:687: UserWarning: No early stopping will be performed, last training weights will be used.\n"}
,{"stream_name":"stderr","time":6140.021361453,"data":"  warnings.warn(wrn_msg)\n"}
,{"stream_name":"stderr","time":6374.897863157,"data":"/usr/local/lib/python3.12/dist-packages/pytorch_tabnet/abstract_model.py:248: UserWarning: Loading weights from unsupervised pretraining\n"}
,{"stream_name":"stderr","time":6374.897903093,"data":"  warnings.warn(\"Loading weights from unsupervised pretraining\")\n"}
,{"stream_name":"stderr","time":6374.897909693,"data":"\n"}
,{"stream_name":"stderr","time":6374.897919987,"data":"/usr/local/lib/python3.12/dist-packages/pytorch_tabnet/abstract_model.py:248: UserWarning: Loading weights from unsupervised pretraining\n"}
,{"stream_name":"stderr","time":6374.897926002,"data":"  warnings.warn(\"Loading weights from unsupervised pretraining\")\n"}
,{"stream_name":"stdout","time":6819.961083423,"data":"Stop training because you reached max_epochs = 30 with best_epoch = 29 and best_val_0_auc = 0.9625\n"}
,{"stream_name":"stderr","time":6819.962206151,"data":"/usr/local/lib/python3.12/dist-packages/pytorch_tabnet/callbacks.py:172: UserWarning: Best weights from best epoch are automatically used!\n"}
,{"stream_name":"stderr","time":6819.962234418,"data":"  warnings.warn(wrn_msg)\n"}
,{"stream_name":"stderr","time":6819.962239879,"data":"\n"}
,{"stream_name":"stderr","time":6819.962245763,"data":"/usr/local/lib/python3.12/dist-packages/pytorch_tabnet/callbacks.py:172: UserWarning: Best weights from best epoch are automatically used!\n"}
,{"stream_name":"stderr","time":6819.962254574,"data":"  warnings.warn(wrn_msg)\n"}
,{"stream_name":"stderr","time":6836.210654835,"data":"/usr/local/lib/python3.12/dist-packages/pytorch_tabnet/abstract_model.py:687: UserWarning: No early stopping will be performed, last training weights will be used.\n"}
,{"stream_name":"stderr","time":6836.210700541,"data":"  warnings.warn(wrn_msg)\n"}
,{"stream_name":"stderr","time":6836.210705188,"data":"\n"}
,{"stream_name":"stderr","time":6836.210708414,"data":"/usr/local/lib/python3.12/dist-packages/pytorch_tabnet/abstract_model.py:687: UserWarning: No early stopping will be performed, last training weights will be used.\n"}
,{"stream_name":"stderr","time":6836.210726942,"data":"  warnings.warn(wrn_msg)\n"}
,{"stream_name":"stderr","time":7068.383144631,"data":"/usr/local/lib/python3.12/dist-packages/pytorch_tabnet/abstract_model.py:248: UserWarning: Loading weights from unsupervised pretraining\n"}
,{"stream_name":"stderr","time":7068.383185266,"data":"  warnings.warn(\"Loading weights from unsupervised pretraining\")\n"}
,{"stream_name":"stderr","time":7068.38322001,"data":"\n"}
,{"stream_name":"stderr","time":7068.383227546,"data":"/usr/local/lib/python3.12/dist-packages/pytorch_tabnet/abstract_model.py:248: UserWarning: Loading weights from unsupervised pretraining\n"}
,{"stream_name":"stderr","time":7068.383232573,"data":"  warnings.warn(\"Loading weights from unsupervised pretraining\")\n"}
,{"stream_name":"stdout","time":7507.9722015,"data":"Stop training because you reached max_epochs = 30 with best_epoch = 29 and best_val_0_auc = 0.96443\n"}
,{"stream_name":"stderr","time":7507.973424853,"data":"/usr/local/lib/python3.12/dist-packages/pytorch_tabnet/callbacks.py:172: UserWarning: Best weights from best epoch are automatically used!\n"}
,{"stream_name":"stderr","time":7507.973445521,"data":"  warnings.warn(wrn_msg)\n"}
,{"stream_name":"stderr","time":7507.973451039,"data":"\n"}
,{"stream_name":"stderr","time":7507.973455313,"data":"/usr/local/lib/python3.12/dist-packages/pytorch_tabnet/callbacks.py:172: UserWarning: Best weights from best epoch are automatically used!\n"}
,{"stream_name":"stderr","time":7507.973460787,"data":"  warnings.warn(wrn_msg)\n"}
,{"stream_name":"stderr","time":7523.456513464,"data":"[I 2026-08-22 12:02:23,134] Trial 6 finished with value: 0.9634635445369688 and parameters: {'n_d': 16, 'n_steps': 6, 'gamma': 1.2064518208284887, 'cat_emb_dim': 4, 'lambda_sparse': 0.0007985450017447132, 'momentum': 0.19306678190484347, 'lr': 0.005102578877373856}. Best is trial 3 with value: 0.9667070305994621.\n"}
,{"stream_name":"stderr","time":7523.456566623,"data":"\n"}
,{"stream_name":"stderr","time":7523.456574583,"data":"[I 2026-08-22 12:02:23,134] Trial 6 finished with value: 0.9634635445369688 and parameters: {'n_d': 16, 'n_steps': 6, 'gamma': 1.2064518208284887, 'cat_emb_dim': 4, 'lambda_sparse': 0.0007985450017447132, 'momentum': 0.19306678190484347, 'lr': 0.005102578877373856}. Best is trial 3 with value: 0.9667070305994621.\n"}
,{"stream_name":"stdout","time":7523.655274031,"data":"  trial6: 0.96346  {'n_d': 16, 'n_steps': 6, 'gamma': 1.2064518208284887, 'cat_emb_dim': 4, 'lambda_sparse': 0.0007985450017447132, 'momentum': 0.19306678190484347, 'lr': 0.005102578877373856}\n"}
,{"stream_name":"stderr","time":7523.93386122,"data":"/usr/local/lib/python3.12/dist-packages/pytorch_tabnet/abstract_model.py:687: UserWarning: No early stopping will be performed, last training weights will be used.\n"}
,{"stream_name":"stderr","time":7523.93392024,"data":"  warnings.warn(wrn_msg)\n"}
,{"stream_name":"stderr","time":7523.93392805,"data":"\n"}
,{"stream_name":"stderr","time":7523.933933503,"data":"/usr/local/lib/python3.12/dist-packages/pytorch_tabnet/abstract_model.py:687: UserWarning: No early stopping will be performed, last training weights will be used.\n"}
,{"stream_name":"stderr","time":7523.933938731,"data":"  warnings.warn(wrn_msg)\n"}
,{"stream_name":"stderr","time":7693.106036132,"data":"/usr/local/lib/python3.12/dist-packages/pytorch_tabnet/abstract_model.py:248: UserWarning: Loading weights from unsupervised pretraining\n"}
,{"stream_name":"stderr","time":7693.106074609,"data":"  warnings.warn(\"Loading weights from unsupervised pretraining\")\n"}
,{"stream_name":"stderr","time":7693.10608092,"data":"\n"}
,{"stream_name":"stderr","time":7693.106100597,"data":"/usr/local/lib/python3.12/dist-packages/pytorch_tabnet/abstract_model.py:248: UserWarning: Loading weights from unsupervised pretraining\n"}
,{"stream_name":"stderr","time":7693.106104653,"data":"  warnings.warn(\"Loading weights from unsupervised pretraining\")\n"}
,{"stream_name":"stdout","time":7852.686309779,"data":"\n"}
,{"stream_name":"stdout","time":7852.686351282,"data":"Early stopping occurred at epoch 13 with best_epoch = 5 and best_val_0_auc = 0.96617\n"}
,{"stream_name":"stderr","time":7852.687255135,"data":"/usr/local/lib/python3.12/dist-packages/pytorch_tabnet/callbacks.py:172: UserWarning: Best weights from best epoch are automatically used!\n"}
,{"stream_name":"stderr","time":7852.687276548,"data":"  warnings.warn(wrn_msg)\n"}
,{"stream_name":"stderr","time":7852.687281383,"data":"\n"}
,{"stream_name":"stderr","time":7852.687286294,"data":"/usr/local/lib/python3.12/dist-packages/pytorch_tabnet/callbacks.py:172: UserWarning: Best weights from best epoch are automatically used!\n"}
,{"stream_name":"stderr","time":7852.687291385,"data":"  warnings.warn(wrn_msg)\n"}
,{"stream_name":"stderr","time":7864.752663494,"data":"/usr/local/lib/python3.12/dist-packages/pytorch_tabnet/abstract_model.py:687: UserWarning: No early stopping will be performed, last training weights will be used.\n"}
,{"stream_name":"stderr","time":7864.752711505,"data":"  warnings.warn(wrn_msg)\n"}
,{"stream_name":"stderr","time":7864.752717121,"data":"\n"}
,{"stream_name":"stderr","time":7864.752721693,"data":"/usr/local/lib/python3.12/dist-packages/pytorch_tabnet/abstract_model.py:687: UserWarning: No early stopping will be performed, last training weights will be used.\n"}
,{"stream_name":"stderr","time":7864.752727141,"data":"  warnings.warn(wrn_msg)\n"}
,{"stream_name":"stderr","time":8037.717141453,"data":"/usr/local/lib/python3.12/dist-packages/pytorch_tabnet/abstract_model.py:248: UserWarning: Loading weights from unsupervised pretraining\n"}
,{"stream_name":"stderr","time":8037.717179402,"data":"  warnings.warn(\"Loading weights from unsupervised pretraining\")\n"}
,{"stream_name":"stderr","time":8037.717185523,"data":"\n"}
,{"stream_name":"stderr","time":8037.717208045,"data":"/usr/local/lib/python3.12/dist-packages/pytorch_tabnet/abstract_model.py:248: UserWarning: Loading weights from unsupervised pretraining\n"}
,{"stream_name":"stderr","time":8037.717215282,"data":"  warnings.warn(\"Loading weights from unsupervised pretraining\")\n"}
,{"stream_name":"stdout","time":8234.511380096,"data":"\n"}
,{"stream_name":"stdout","time":8234.511415688,"data":"Early stopping occurred at epoch 16 with best_epoch = 8 and best_val_0_auc = 0.96684\n"}
,{"stream_name":"stderr","time":8234.512678638,"data":"/usr/local/lib/python3.12/dist-packages/pytorch_tabnet/callbacks.py:172: UserWarning: Best weights from best epoch are automatically used!\n"}
,{"stream_name":"stderr","time":8234.512690001,"data":"  warnings.warn(wrn_msg)\n"}
,{"stream_name":"stderr","time":8234.512694133,"data":"\n"}
,{"stream_name":"stderr","time":8234.512698037,"data":"/usr/local/lib/python3.12/dist-packages/pytorch_tabnet/callbacks.py:172: UserWarning: Best weights from best epoch are automatically used!\n"}
,{"stream_name":"stderr","time":8234.512702309,"data":"  warnings.warn(wrn_msg)\n"}
,{"stream_name":"stderr","time":8246.209938692,"data":"[I 2026-08-22 12:14:25,889] Trial 7 finished with value: 0.9665081592205783 and parameters: {'n_d': 32, 'n_steps': 4, 'gamma': 1.3491410965492434, 'cat_emb_dim': 4, 'lambda_sparse': 0.0001068224591497453, 'momentum': 0.16210751338672508, 'lr': 0.015329043539610792}. Best is trial 3 with value: 0.9667070305994621.\n"}
,{"stream_name":"stderr","time":8246.21000182,"data":"\n"}
,{"stream_name":"stderr","time":8246.210030892,"data":"[I 2026-08-22 12:14:25,889] Trial 7 finished with value: 0.9665081592205783 and parameters: {'n_d': 32, 'n_steps': 4, 'gamma': 1.3491410965492434, 'cat_emb_dim': 4, 'lambda_sparse': 0.0001068224591497453, 'momentum': 0.16210751338672508, 'lr': 0.015329043539610792}. Best is trial 3 with value: 0.9667070305994621.\n"}
,{"stream_name":"stdout","time":8246.411015515,"data":"  trial7: 0.96651  {'n_d': 32, 'n_steps': 4, 'gamma': 1.3491410965492434, 'cat_emb_dim': 4, 'lambda_sparse': 0.0001068224591497453, 'momentum': 0.16210751338672508, 'lr': 0.015329043539610792}\n"}
,{"stream_name":"stderr","time":8246.68193052,"data":"/usr/local/lib/python3.12/dist-packages/pytorch_tabnet/abstract_model.py:687: UserWarning: No early stopping will be performed, last training weights will be used.\n"}
,{"stream_name":"stderr","time":8246.68196206,"data":"  warnings.warn(wrn_msg)\n"}
,{"stream_name":"stderr","time":8246.681971441,"data":"\n"}
,{"stream_name":"stderr","time":8246.681974079,"data":"/usr/local/lib/python3.12/dist-packages/pytorch_tabnet/abstract_model.py:687: UserWarning: No early stopping will be performed, last training weights will be used.\n"}
,{"stream_name":"stderr","time":8246.681976713,"data":"  warnings.warn(wrn_msg)\n"}
,{"stream_name":"stderr","time":8474.613269927,"data":"/usr/local/lib/python3.12/dist-packages/pytorch_tabnet/abstract_model.py:248: UserWarning: Loading weights from unsupervised pretraining\n"}
,{"stream_name":"stderr","time":8474.613311849,"data":"  warnings.warn(\"Loading weights from unsupervised pretraining\")\n"}
,{"stream_name":"stderr","time":8474.613318404,"data":"\n"}
,{"stream_name":"stderr","time":8474.613322882,"data":"/usr/local/lib/python3.12/dist-packages/pytorch_tabnet/abstract_model.py:248: UserWarning: Loading weights from unsupervised pretraining\n"}
,{"stream_name":"stderr","time":8474.613328322,"data":"  warnings.warn(\"Loading weights from unsupervised pretraining\")\n"}
,{"stream_name":"stdout","time":8676.257755117,"data":"\n"}
,{"stream_name":"stdout","time":8676.257798761,"data":"Early stopping occurred at epoch 13 with best_epoch = 5 and best_val_0_auc = 0.96516\n"}
,{"stream_name":"stderr","time":8676.25883769,"data":"/usr/local/lib/python3.12/dist-packages/pytorch_tabnet/callbacks.py:172: UserWarning: Best weights from best epoch are automatically used!\n"}
,{"stream_name":"stderr","time":8676.258861264,"data":"  warnings.warn(wrn_msg)\n"}
,{"stream_name":"stderr","time":8676.258867325,"data":"\n"}
,{"stream_name":"stderr","time":8676.258872276,"data":"/usr/local/lib/python3.12/dist-packages/pytorch_tabnet/callbacks.py:172: UserWarning: Best weights from best epoch are automatically used!\n"}
,{"stream_name":"stderr","time":8676.258877584,"data":"  warnings.warn(wrn_msg)\n"}
,{"stream_name":"stderr","time":8692.391151247,"data":"/usr/local/lib/python3.12/dist-packages/pytorch_tabnet/abstract_model.py:687: UserWarning: No early stopping will be performed, last training weights will be used.\n"}
,{"stream_name":"stderr","time":8692.391222699,"data":"  warnings.warn(wrn_msg)\n"}
,{"stream_name":"stderr","time":8692.391232433,"data":"\n"}
,{"stream_name":"stderr","time":8692.391237771,"data":"/usr/local/lib/python3.12/dist-packages/pytorch_tabnet/abstract_model.py:687: UserWarning: No early stopping will be performed, last training weights will be used.\n"}
,{"stream_name":"stderr","time":8692.391243258,"data":"  warnings.warn(wrn_msg)\n"}
,{"stream_name":"stderr","time":8921.23871608,"data":"/usr/local/lib/python3.12/dist-packages/pytorch_tabnet/abstract_model.py:248: UserWarning: Loading weights from unsupervised pretraining\n"}
,{"stream_name":"stderr","time":8921.238768503,"data":"  warnings.warn(\"Loading weights from unsupervised pretraining\")\n"}
,{"stream_name":"stderr","time":8921.238783157,"data":"\n"}
,{"stream_name":"stderr","time":8921.238785809,"data":"/usr/local/lib/python3.12/dist-packages/pytorch_tabnet/abstract_model.py:248: UserWarning: Loading weights from unsupervised pretraining\n"}
,{"stream_name":"stderr","time":8921.238788369,"data":"  warnings.warn(\"Loading weights from unsupervised pretraining\")\n"}
,{"stream_name":"stdout","time":9095.228336372,"data":"\n"}
,{"stream_name":"stdout","time":9095.228381817,"data":"Early stopping occurred at epoch 11 with best_epoch = 3 and best_val_0_auc = 0.96634\n"}
,{"stream_name":"stderr","time":9095.229298801,"data":"/usr/local/lib/python3.12/dist-packages/pytorch_tabnet/callbacks.py:172: UserWarning: Best weights from best epoch are automatically used!\n"}
,{"stream_name":"stderr","time":9095.229320152,"data":"  warnings.warn(wrn_msg)\n"}
,{"stream_name":"stderr","time":9095.229325547,"data":"\n"}
,{"stream_name":"stderr","time":9095.229329938,"data":"/usr/local/lib/python3.12/dist-packages/pytorch_tabnet/callbacks.py:172: UserWarning: Best weights from best epoch are automatically used!\n"}
,{"stream_name":"stderr","time":9095.229335049,"data":"  warnings.warn(wrn_msg)\n"}
,{"stream_name":"stderr","time":9111.0174232,"data":"[I 2026-08-22 12:28:50,695] Trial 8 finished with value: 0.9657465507255916 and parameters: {'n_d': 16, 'n_steps': 6, 'gamma': 1.368038790512706, 'cat_emb_dim': 8, 'lambda_sparse': 0.0003063154887495431, 'momentum': 0.03464349571628014, 'lr': 0.04021178196006036}. Best is trial 3 with value: 0.9667070305994621.\n"}
,{"stream_name":"stderr","time":9111.017474395,"data":"\n"}
,{"stream_name":"stderr","time":9111.017482309,"data":"[I 2026-08-22 12:28:50,695] Trial 8 finished with value: 0.9657465507255916 and parameters: {'n_d': 16, 'n_steps': 6, 'gamma': 1.368038790512706, 'cat_emb_dim': 8, 'lambda_sparse': 0.0003063154887495431, 'momentum': 0.03464349571628014, 'lr': 0.04021178196006036}. Best is trial 3 with value: 0.9667070305994621.\n"}
,{"stream_name":"stdout","time":9111.216427304,"data":"  trial8: 0.96575  {'n_d': 16, 'n_steps': 6, 'gamma': 1.368038790512706, 'cat_emb_dim': 8, 'lambda_sparse': 0.0003063154887495431, 'momentum': 0.03464349571628014, 'lr': 0.04021178196006036}\n"}
,{"stream_name":"stderr","time":9111.515309673,"data":"/usr/local/lib/python3.12/dist-packages/pytorch_tabnet/abstract_model.py:687: UserWarning: No early stopping will be performed, last training weights will be used.\n"}
,{"stream_name":"stderr","time":9111.515348041,"data":"  warnings.warn(wrn_msg)\n"}
,{"stream_name":"stderr","time":9111.515357454,"data":"\n"}
,{"stream_name":"stderr","time":9111.515360867,"data":"/usr/local/lib/python3.12/dist-packages/pytorch_tabnet/abstract_model.py:687: UserWarning: No early stopping will be performed, last training weights will be used.\n"}
,{"stream_name":"stderr","time":9111.515364545,"data":"  warnings.warn(wrn_msg)\n"}
,{"stream_name":"stderr","time":9375.696707161,"data":"/usr/local/lib/python3.12/dist-packages/pytorch_tabnet/abstract_model.py:248: UserWarning: Loading weights from unsupervised pretraining\n"}
,{"stream_name":"stderr","time":9375.696752538,"data":"  warnings.warn(\"Loading weights from unsupervised pretraining\")\n"}
,{"stream_name":"stderr","time":9375.696757763,"data":"\n"}
,{"stream_name":"stderr","time":9375.696761428,"data":"/usr/local/lib/python3.12/dist-packages/pytorch_tabnet/abstract_model.py:248: UserWarning: Loading weights from unsupervised pretraining\n"}
,{"stream_name":"stderr","time":9375.696766504,"data":"  warnings.warn(\"Loading weights from unsupervised pretraining\")\n"}
,{"stream_name":"stdout","time":9860.051898363,"data":"Stop training because you reached max_epochs = 30 with best_epoch = 29 and best_val_0_auc = 0.93644\n"}
,{"stream_name":"stderr","time":9860.052885613,"data":"/usr/local/lib/python3.12/dist-packages/pytorch_tabnet/callbacks.py:172: UserWarning: Best weights from best epoch are automatically used!\n"}
,{"stream_name":"stderr","time":9860.052905654,"data":"  warnings.warn(wrn_msg)\n"}
,{"stream_name":"stderr","time":9860.052910368,"data":"\n"}
,{"stream_name":"stderr","time":9860.052913909,"data":"/usr/local/lib/python3.12/dist-packages/pytorch_tabnet/callbacks.py:172: UserWarning: Best weights from best epoch are automatically used!\n"}
,{"stream_name":"stderr","time":9860.052917826,"data":"  warnings.warn(wrn_msg)\n"}
,{"stream_name":"stderr","time":9877.082854478,"data":"/usr/local/lib/python3.12/dist-packages/pytorch_tabnet/abstract_model.py:687: UserWarning: No early stopping will be performed, last training weights will be used.\n"}
,{"stream_name":"stderr","time":9877.082897548,"data":"  warnings.warn(wrn_msg)\n"}
,{"stream_name":"stderr","time":9877.082901041,"data":"\n"}
,{"stream_name":"stderr","time":9877.082903468,"data":"/usr/local/lib/python3.12/dist-packages/pytorch_tabnet/abstract_model.py:687: UserWarning: No early stopping will be performed, last training weights will be used.\n"}
,{"stream_name":"stderr","time":9877.08290673,"data":"  warnings.warn(wrn_msg)\n"}
,{"stream_name":"stderr","time":10139.549256119,"data":"/usr/local/lib/python3.12/dist-packages/pytorch_tabnet/abstract_model.py:248: UserWarning: Loading weights from unsupervised pretraining\n"}
,{"stream_name":"stderr","time":10139.549299476,"data":"  warnings.warn(\"Loading weights from unsupervised pretraining\")\n"}
,{"stream_name":"stderr","time":10139.549307337,"data":"\n"}
,{"stream_name":"stderr","time":10139.549312683,"data":"/usr/local/lib/python3.12/dist-packages/pytorch_tabnet/abstract_model.py:248: UserWarning: Loading weights from unsupervised pretraining\n"}
,{"stream_name":"stderr","time":10139.549318887,"data":"  warnings.warn(\"Loading weights from unsupervised pretraining\")\n"}
,{"stream_name":"stdout","time":10623.420669339,"data":"Stop training because you reached max_epochs = 30 with best_epoch = 29 and best_val_0_auc = 0.96302\n"}
,{"stream_name":"stderr","time":10623.421709582,"data":"/usr/local/lib/python3.12/dist-packages/pytorch_tabnet/callbacks.py:172: UserWarning: Best weights from best epoch are automatically used!\n"}
,{"stream_name":"stderr","time":10623.421734621,"data":"  warnings.warn(wrn_msg)\n"}
,{"stream_name":"stderr","time":10623.421740687,"data":"\n"}
,{"stream_name":"stderr","time":10623.421745116,"data":"/usr/local/lib/python3.12/dist-packages/pytorch_tabnet/callbacks.py:172: UserWarning: Best weights from best epoch are automatically used!\n"}
,{"stream_name":"stderr","time":10623.421750025,"data":"  warnings.warn(wrn_msg)\n"}
,{"stream_name":"stderr","time":10640.663740274,"data":"[I 2026-08-22 12:54:20,342] Trial 9 finished with value: 0.949731550399581 and parameters: {'n_d': 8, 'n_steps': 7, 'gamma': 1.96994203270696, 'cat_emb_dim': 2, 'lambda_sparse': 0.00019981235692948703, 'momentum': 0.37077637364335353, 'lr': 0.018608858983861144}. Best is trial 3 with value: 0.9667070305994621.\n"}
,{"stream_name":"stderr","time":10640.66379539,"data":"\n"}
,{"stream_name":"stderr","time":10640.663800078,"data":"[I 2026-08-22 12:54:20,342] Trial 9 finished with value: 0.949731550399581 and parameters: {'n_d': 8, 'n_steps': 7, 'gamma': 1.96994203270696, 'cat_emb_dim': 2, 'lambda_sparse': 0.00019981235692948703, 'momentum': 0.37077637364335353, 'lr': 0.018608858983861144}. Best is trial 3 with value: 0.9667070305994621.\n"}
,{"stream_name":"stdout","time":10640.86546148,"data":"  trial9: 0.94973  {'n_d': 8, 'n_steps': 7, 'gamma': 1.96994203270696, 'cat_emb_dim': 2, 'lambda_sparse': 0.00019981235692948703, 'momentum': 0.37077637364335353, 'lr': 0.018608858983861144}\n"}
,{"stream_name":"stderr","time":10641.128461752,"data":"/usr/local/lib/python3.12/dist-packages/pytorch_tabnet/abstract_model.py:687: UserWarning: No early stopping will be performed, last training weights will be used.\n"}
,{"stream_name":"stderr","time":10641.128507326,"data":"  warnings.warn(wrn_msg)\n"}
,{"stream_name":"stderr","time":10641.128513307,"data":"\n"}
,{"stream_name":"stderr","time":10641.128853637,"data":"/usr/local/lib/python3.12/dist-packages/pytorch_tabnet/abstract_model.py:687: UserWarning: No early stopping will be performed, last training weights will be used.\n"}
,{"stream_name":"stderr","time":10641.128867079,"data":"  warnings.warn(wrn_msg)\n"}
,{"stream_name":"stderr","time":10782.555370015,"data":"/usr/local/lib/python3.12/dist-packages/pytorch_tabnet/abstract_model.py:248: UserWarning: Loading weights from unsupervised pretraining\n"}
,{"stream_name":"stderr","time":10782.555409412,"data":"  warnings.warn(\"Loading weights from unsupervised pretraining\")\n"}
,{"stream_name":"stderr","time":10782.555427599,"data":"\n"}
,{"stream_name":"stderr","time":10782.555432784,"data":"/usr/local/lib/python3.12/dist-packages/pytorch_tabnet/abstract_model.py:248: UserWarning: Loading weights from unsupervised pretraining\n"}
,{"stream_name":"stderr","time":10782.555438412,"data":"  warnings.warn(\"Loading weights from unsupervised pretraining\")\n"}
,{"stream_name":"stdout","time":11022.765183476,"data":"\n"}
,{"stream_name":"stdout","time":11022.765260436,"data":"Early stopping occurred at epoch 23 with best_epoch = 15 and best_val_0_auc = 0.96645\n"}
,{"stream_name":"stderr","time":11022.766264668,"data":"/usr/local/lib/python3.12/dist-packages/pytorch_tabnet/callbacks.py:172: UserWarning: Best weights from best epoch are automatically used!\n"}
,{"stream_name":"stderr","time":11022.76628036,"data":"  warnings.warn(wrn_msg)\n"}
,{"stream_name":"stderr","time":11022.766286009,"data":"\n"}
,{"stream_name":"stderr","time":11022.766290499,"data":"/usr/local/lib/python3.12/dist-packages/pytorch_tabnet/callbacks.py:172: UserWarning: Best weights from best epoch are automatically used!\n"}
,{"stream_name":"stderr","time":11022.766295287,"data":"  warnings.warn(wrn_msg)\n"}
,{"stream_name":"stderr","time":11032.736104558,"data":"/usr/local/lib/python3.12/dist-packages/pytorch_tabnet/abstract_model.py:687: UserWarning: No early stopping will be performed, last training weights will be used.\n"}
,{"stream_name":"stderr","time":11032.736159626,"data":"  warnings.warn(wrn_msg)\n"}
,{"stream_name":"stderr","time":11032.736166417,"data":"\n"}
,{"stream_name":"stderr","time":11032.736171604,"data":"/usr/local/lib/python3.12/dist-packages/pytorch_tabnet/abstract_model.py:687: UserWarning: No early stopping will be performed, last training weights will be used.\n"}
,{"stream_name":"stderr","time":11032.736177287,"data":"  warnings.warn(wrn_msg)\n"}
,{"stream_name":"stderr","time":11173.503318648,"data":"/usr/local/lib/python3.12/dist-packages/pytorch_tabnet/abstract_model.py:248: UserWarning: Loading weights from unsupervised pretraining\n"}
,{"stream_name":"stderr","time":11173.503360467,"data":"  warnings.warn(\"Loading weights from unsupervised pretraining\")\n"}
,{"stream_name":"stderr","time":11173.503365307,"data":"\n"}
,{"stream_name":"stderr","time":11173.50336828,"data":"/usr/local/lib/python3.12/dist-packages/pytorch_tabnet/abstract_model.py:248: UserWarning: Loading weights from unsupervised pretraining\n"}
,{"stream_name":"stderr","time":11173.503371645,"data":"  warnings.warn(\"Loading weights from unsupervised pretraining\")\n"}
,{"stream_name":"stdout","time":11427.219135821,"data":"\n"}
,{"stream_name":"stdout","time":11427.219172865,"data":"Early stopping occurred at epoch 25 with best_epoch = 17 and best_val_0_auc = 0.96715\n"}
,{"stream_name":"stderr","time":11427.220126389,"data":"/usr/local/lib/python3.12/dist-packages/pytorch_tabnet/callbacks.py:172: UserWarning: Best weights from best epoch are automatically used!\n"}
,{"stream_name":"stderr","time":11427.220148412,"data":"  warnings.warn(wrn_msg)\n"}
,{"stream_name":"stderr","time":11427.220152683,"data":"\n"}
,{"stream_name":"stderr","time":11427.22015628,"data":"/usr/local/lib/python3.12/dist-packages/pytorch_tabnet/callbacks.py:172: UserWarning: Best weights from best epoch are automatically used!\n"}
,{"stream_name":"stderr","time":11427.220160035,"data":"  warnings.warn(wrn_msg)\n"}
,{"stream_name":"stderr","time":11436.363452809,"data":"[I 2026-08-22 13:07:36,041] Trial 10 finished with value: 0.9667981641398333 and parameters: {'n_d': 24, 'n_steps': 3, 'gamma': 1.733229993265756, 'cat_emb_dim': 2, 'lambda_sparse': 0.0024482105709880356, 'momentum': 0.26747860581482175, 'lr': 0.01088659498629599}. Best is trial 10 with value: 0.9667981641398333.\n"}
,{"stream_name":"stderr","time":11436.363497399,"data":"\n"}
,{"stream_name":"stderr","time":11436.363503086,"data":"[I 2026-08-22 13:07:36,041] Trial 10 finished with value: 0.9667981641398333 and parameters: {'n_d': 24, 'n_steps': 3, 'gamma': 1.733229993265756, 'cat_emb_dim': 2, 'lambda_sparse': 0.0024482105709880356, 'momentum': 0.26747860581482175, 'lr': 0.01088659498629599}. Best is trial 10 with value: 0.9667981641398333.\n"}
,{"stream_name":"stdout","time":11436.563756717,"data":"  trial10: 0.96680  {'n_d': 24, 'n_steps': 3, 'gamma': 1.733229993265756, 'cat_emb_dim': 2, 'lambda_sparse': 0.0024482105709880356, 'momentum': 0.26747860581482175, 'lr': 0.01088659498629599}\n"}
,{"stream_name":"stderr","time":11436.818157889,"data":"/usr/local/lib/python3.12/dist-packages/pytorch_tabnet/abstract_model.py:687: UserWarning: No early stopping will be performed, last training weights will be used.\n"}
,{"stream_name":"stderr","time":11436.818209471,"data":"  warnings.warn(wrn_msg)\n"}
,{"stream_name":"stderr","time":11436.818217867,"data":"\n"}
,{"stream_name":"stderr","time":11436.818221679,"data":"/usr/local/lib/python3.12/dist-packages/pytorch_tabnet/abstract_model.py:687: UserWarning: No early stopping will be performed, last training weights will be used.\n"}
,{"stream_name":"stderr","time":11436.818225789,"data":"  warnings.warn(wrn_msg)\n"}
,{"stream_name":"stderr","time":11577.769923821,"data":"/usr/local/lib/python3.12/dist-packages/pytorch_tabnet/abstract_model.py:248: UserWarning: Loading weights from unsupervised pretraining\n"}
,{"stream_name":"stderr","time":11577.769965812,"data":"  warnings.warn(\"Loading weights from unsupervised pretraining\")\n"}
,{"stream_name":"stderr","time":11577.769972768,"data":"\n"}
,{"stream_name":"stderr","time":11577.76997757,"data":"/usr/local/lib/python3.12/dist-packages/pytorch_tabnet/abstract_model.py:248: UserWarning: Loading weights from unsupervised pretraining\n"}
,{"stream_name":"stderr","time":11577.769982665,"data":"  warnings.warn(\"Loading weights from unsupervised pretraining\")\n"}
,{"stream_name":"stdout","time":11826.839995879,"data":"\n"}
,{"stream_name":"stdout","time":11826.840041072,"data":"Early stopping occurred at epoch 25 with best_epoch = 17 and best_val_0_auc = 0.96639\n"}
,{"stream_name":"stderr","time":11826.841002066,"data":"/usr/local/lib/python3.12/dist-packages/pytorch_tabnet/callbacks.py:172: UserWarning: Best weights from best epoch are automatically used!\n"}
,{"stream_name":"stderr","time":11826.841021311,"data":"  warnings.warn(wrn_msg)\n"}
,{"stream_name":"stderr","time":11826.841026342,"data":"\n"}
,{"stream_name":"stderr","time":11826.841030937,"data":"/usr/local/lib/python3.12/dist-packages/pytorch_tabnet/callbacks.py:172: UserWarning: Best weights from best epoch are automatically used!\n"}
,{"stream_name":"stderr","time":11826.841049546,"data":"  warnings.warn(wrn_msg)\n"}
,{"stream_name":"stderr","time":11836.104718587,"data":"/usr/local/lib/python3.12/dist-packages/pytorch_tabnet/abstract_model.py:687: UserWarning: No early stopping will be performed, last training weights will be used.\n"}
,{"stream_name":"stderr","time":11836.104760229,"data":"  warnings.warn(wrn_msg)\n"}
,{"stream_name":"stderr","time":11836.104765431,"data":"\n"}
,{"stream_name":"stderr","time":11836.104768729,"data":"/usr/local/lib/python3.12/dist-packages/pytorch_tabnet/abstract_model.py:687: UserWarning: No early stopping will be performed, last training weights will be used.\n"}
,{"stream_name":"stderr","time":11836.104772344,"data":"  warnings.warn(wrn_msg)\n"}
,{"stream_name":"stderr","time":11972.719423531,"data":"/usr/local/lib/python3.12/dist-packages/pytorch_tabnet/abstract_model.py:248: UserWarning: Loading weights from unsupervised pretraining\n"}
,{"stream_name":"stderr","time":11972.71946065,"data":"  warnings.warn(\"Loading weights from unsupervised pretraining\")\n"}
,{"stream_name":"stderr","time":11972.719467329,"data":"\n"}
,{"stream_name":"stderr","time":11972.719472397,"data":"/usr/local/lib/python3.12/dist-packages/pytorch_tabnet/abstract_model.py:248: UserWarning: Loading weights from unsupervised pretraining\n"}
,{"stream_name":"stderr","time":11972.719477148,"data":"  warnings.warn(\"Loading weights from unsupervised pretraining\")\n"}
,{"stream_name":"stdout","time":12151.566718133,"data":"\n"}
,{"stream_name":"stdout","time":12151.566772736,"data":"Early stopping occurred at epoch 18 with best_epoch = 10 and best_val_0_auc = 0.96695\n"}
,{"stream_name":"stderr","time":12151.567676068,"data":"/usr/local/lib/python3.12/dist-packages/pytorch_tabnet/callbacks.py:172: UserWarning: Best weights from best epoch are automatically used!\n"}
,{"stream_name":"stderr","time":12151.567694419,"data":"  warnings.warn(wrn_msg)\n"}
,{"stream_name":"stderr","time":12151.567699454,"data":"\n"}
,{"stream_name":"stderr","time":12151.567704084,"data":"/usr/local/lib/python3.12/dist-packages/pytorch_tabnet/callbacks.py:172: UserWarning: Best weights from best epoch are automatically used!\n"}
,{"stream_name":"stderr","time":12151.567709086,"data":"  warnings.warn(wrn_msg)\n"}
,{"stream_name":"stderr","time":12160.66177253,"data":"[I 2026-08-22 13:19:40,340] Trial 11 finished with value: 0.966669315245491 and parameters: {'n_d': 24, 'n_steps': 3, 'gamma': 1.6548451441530105, 'cat_emb_dim': 2, 'lambda_sparse': 0.0027589046560063547, 'momentum': 0.2774997089799056, 'lr': 0.01139791054136548}. Best is trial 10 with value: 0.9667981641398333.\n"}
,{"stream_name":"stderr","time":12160.66182077,"data":"\n"}
,{"stream_name":"stderr","time":12160.661828294,"data":"[I 2026-08-22 13:19:40,340] Trial 11 finished with value: 0.966669315245491 and parameters: {'n_d': 24, 'n_steps': 3, 'gamma': 1.6548451441530105, 'cat_emb_dim': 2, 'lambda_sparse': 0.0027589046560063547, 'momentum': 0.2774997089799056, 'lr': 0.01139791054136548}. Best is trial 10 with value: 0.9667981641398333.\n"}
,{"stream_name":"stdout","time":12160.863875613,"data":"  trial11: 0.96667  {'n_d': 24, 'n_steps': 3, 'gamma': 1.6548451441530105, 'cat_emb_dim': 2, 'lambda_sparse': 0.0027589046560063547, 'momentum': 0.2774997089799056, 'lr': 0.01139791054136548}\n"}
,{"stream_name":"stderr","time":12161.109584351,"data":"/usr/local/lib/python3.12/dist-packages/pytorch_tabnet/abstract_model.py:687: UserWarning: No early stopping will be performed, last training weights will be used.\n"}
,{"stream_name":"stderr","time":12161.109614165,"data":"  warnings.warn(wrn_msg)\n"}
,{"stream_name":"stderr","time":12161.109619238,"data":"\n"}
,{"stream_name":"stderr","time":12161.110007704,"data":"/usr/local/lib/python3.12/dist-packages/pytorch_tabnet/abstract_model.py:687: UserWarning: No early stopping will be performed, last training weights will be used.\n"}
,{"stream_name":"stderr","time":12161.110041635,"data":"  warnings.warn(wrn_msg)\n"}
,{"stream_name":"stderr","time":12299.509641537,"data":"/usr/local/lib/python3.12/dist-packages/pytorch_tabnet/abstract_model.py:248: UserWarning: Loading weights from unsupervised pretraining\n"}
,{"stream_name":"stderr","time":12299.509717462,"data":"  warnings.warn(\"Loading weights from unsupervised pretraining\")\n"}
,{"stream_name":"stderr","time":12299.509725088,"data":"\n"}
,{"stream_name":"stderr","time":12299.509729638,"data":"/usr/local/lib/python3.12/dist-packages/pytorch_tabnet/abstract_model.py:248: UserWarning: Loading weights from unsupervised pretraining\n"}
,{"stream_name":"stderr","time":12299.509734303,"data":"  warnings.warn(\"Loading weights from unsupervised pretraining\")\n"}
,{"stream_name":"stdout","time":12531.875409524,"data":"\n"}
,{"stream_name":"stdout","time":12531.875458,"data":"Early stopping occurred at epoch 23 with best_epoch = 15 and best_val_0_auc = 0.96639\n"}
,{"stream_name":"stderr","time":12531.876299484,"data":"/usr/local/lib/python3.12/dist-packages/pytorch_tabnet/callbacks.py:172: UserWarning: Best weights from best epoch are automatically used!\n"}
,{"stream_name":"stderr","time":12531.876336092,"data":"  warnings.warn(wrn_msg)\n"}
,{"stream_name":"stderr","time":12531.876341922,"data":"\n"}
,{"stream_name":"stderr","time":12531.876346355,"data":"/usr/local/lib/python3.12/dist-packages/pytorch_tabnet/callbacks.py:172: UserWarning: Best weights from best epoch are automatically used!\n"}
,{"stream_name":"stderr","time":12531.876352698,"data":"  warnings.warn(wrn_msg)\n"}
,{"stream_name":"stderr","time":12541.590402094,"data":"/usr/local/lib/python3.12/dist-packages/pytorch_tabnet/abstract_model.py:687: UserWarning: No early stopping will be performed, last training weights will be used.\n"}
,{"stream_name":"stderr","time":12541.590443027,"data":"  warnings.warn(wrn_msg)\n"}
,{"stream_name":"stderr","time":12541.590447638,"data":"\n"}
,{"stream_name":"stderr","time":12541.590451542,"data":"/usr/local/lib/python3.12/dist-packages/pytorch_tabnet/abstract_model.py:687: UserWarning: No early stopping will be performed, last training weights will be used.\n"}
,{"stream_name":"stderr","time":12541.590455817,"data":"  warnings.warn(wrn_msg)\n"}
,{"stream_name":"stderr","time":12678.205689769,"data":"/usr/local/lib/python3.12/dist-packages/pytorch_tabnet/abstract_model.py:248: UserWarning: Loading weights from unsupervised pretraining\n"}
,{"stream_name":"stderr","time":12678.205733113,"data":"  warnings.warn(\"Loading weights from unsupervised pretraining\")\n"}
,{"stream_name":"stderr","time":12678.20574031,"data":"\n"}
,{"stream_name":"stderr","time":12678.205744869,"data":"/usr/local/lib/python3.12/dist-packages/pytorch_tabnet/abstract_model.py:248: UserWarning: Loading weights from unsupervised pretraining\n"}
,{"stream_name":"stderr","time":12678.205749857,"data":"  warnings.warn(\"Loading weights from unsupervised pretraining\")\n"}
,{"stream_name":"stdout","time":12966.17665657,"data":"\n"}
,{"stream_name":"stdout","time":12966.176691891,"data":"Early stopping occurred at epoch 29 with best_epoch = 21 and best_val_0_auc = 0.96745\n"}
,{"stream_name":"stderr","time":12966.17782248,"data":"/usr/local/lib/python3.12/dist-packages/pytorch_tabnet/callbacks.py:172: UserWarning: Best weights from best epoch are automatically used!\n"}
,{"stream_name":"stderr","time":12966.177843163,"data":"  warnings.warn(wrn_msg)\n"}
,{"stream_name":"stderr","time":12966.177848496,"data":"\n"}
,{"stream_name":"stderr","time":12966.17785319,"data":"/usr/local/lib/python3.12/dist-packages/pytorch_tabnet/callbacks.py:172: UserWarning: Best weights from best epoch are automatically used!\n"}
,{"stream_name":"stderr","time":12966.177869298,"data":"  warnings.warn(wrn_msg)\n"}
,{"stream_name":"stderr","time":12975.235078069,"data":"[I 2026-08-22 13:33:14,914] Trial 12 finished with value: 0.9669160382029194 and parameters: {'n_d': 24, 'n_steps': 3, 'gamma': 1.7586741139658726, 'cat_emb_dim': 2, 'lambda_sparse': 0.0020873384833003084, 'momentum': 0.27505083500635796, 'lr': 0.010227746345763936}. Best is trial 12 with value: 0.9669160382029194.\n"}
,{"stream_name":"stderr","time":12975.235125126,"data":"\n"}
,{"stream_name":"stderr","time":12975.235130779,"data":"[I 2026-08-22 13:33:14,914] Trial 12 finished with value: 0.9669160382029194 and parameters: {'n_d': 24, 'n_steps': 3, 'gamma': 1.7586741139658726, 'cat_emb_dim': 2, 'lambda_sparse': 0.0020873384833003084, 'momentum': 0.27505083500635796, 'lr': 0.010227746345763936}. Best is trial 12 with value: 0.9669160382029194.\n"}
,{"stream_name":"stdout","time":12975.435961716,"data":"  trial12: 0.96692  {'n_d': 24, 'n_steps': 3, 'gamma': 1.7586741139658726, 'cat_emb_dim': 2, 'lambda_sparse': 0.0020873384833003084, 'momentum': 0.27505083500635796, 'lr': 0.010227746345763936}\n"}
,{"stream_name":"stderr","time":12975.683118422,"data":"/usr/local/lib/python3.12/dist-packages/pytorch_tabnet/abstract_model.py:687: UserWarning: No early stopping will be performed, last training weights will be used.\n"}
,{"stream_name":"stderr","time":12975.683153845,"data":"  warnings.warn(wrn_msg)\n"}
,{"stream_name":"stderr","time":12975.683158914,"data":"\n"}
,{"stream_name":"stderr","time":12975.683162303,"data":"/usr/local/lib/python3.12/dist-packages/pytorch_tabnet/abstract_model.py:687: UserWarning: No early stopping will be performed, last training weights will be used.\n"}
,{"stream_name":"stderr","time":12975.683166109,"data":"  warnings.warn(wrn_msg)\n"}
,{"stream_name":"stderr","time":13116.250461806,"data":"/usr/local/lib/python3.12/dist-packages/pytorch_tabnet/abstract_model.py:248: UserWarning: Loading weights from unsupervised pretraining\n"}
,{"stream_name":"stderr","time":13116.250521995,"data":"  warnings.warn(\"Loading weights from unsupervised pretraining\")\n"}
,{"stream_name":"stderr","time":13116.250528796,"data":"\n"}
,{"stream_name":"stderr","time":13116.25053335,"data":"/usr/local/lib/python3.12/dist-packages/pytorch_tabnet/abstract_model.py:248: UserWarning: Loading weights from unsupervised pretraining\n"}
,{"stream_name":"stderr","time":13116.250538279,"data":"  warnings.warn(\"Loading weights from unsupervised pretraining\")\n"}
,{"stream_name":"stdout","time":13336.959326958,"data":"\n"}
,{"stream_name":"stdout","time":13336.959372715,"data":"Early stopping occurred at epoch 22 with best_epoch = 14 and best_val_0_auc = 0.96636\n"}
,{"stream_name":"stderr","time":13336.96020717,"data":"/usr/local/lib/python3.12/dist-packages/pytorch_tabnet/callbacks.py:172: UserWarning: Best weights from best epoch are automatically used!\n"}
,{"stream_name":"stderr","time":13336.960228191,"data":"  warnings.warn(wrn_msg)\n"}
,{"stream_name":"stderr","time":13336.960234812,"data":"\n"}
,{"stream_name":"stderr","time":13336.960239237,"data":"/usr/local/lib/python3.12/dist-packages/pytorch_tabnet/callbacks.py:172: UserWarning: Best weights from best epoch are automatically used!\n"}
,{"stream_name":"stderr","time":13336.960244467,"data":"  warnings.warn(wrn_msg)\n"}
,{"stream_name":"stderr","time":13346.751855627,"data":"/usr/local/lib/python3.12/dist-packages/pytorch_tabnet/abstract_model.py:687: UserWarning: No early stopping will be performed, last training weights will be used.\n"}
,{"stream_name":"stderr","time":13346.751896542,"data":"  warnings.warn(wrn_msg)\n"}
,{"stream_name":"stderr","time":13346.751910624,"data":"\n"}
,{"stream_name":"stderr","time":13346.751933284,"data":"/usr/local/lib/python3.12/dist-packages/pytorch_tabnet/abstract_model.py:687: UserWarning: No early stopping will be performed, last training weights will be used.\n"}
,{"stream_name":"stderr","time":13346.751937971,"data":"  warnings.warn(wrn_msg)\n"}
,{"stream_name":"stderr","time":13490.072314083,"data":"/usr/local/lib/python3.12/dist-packages/pytorch_tabnet/abstract_model.py:248: UserWarning: Loading weights from unsupervised pretraining\n"}
,{"stream_name":"stderr","time":13490.072370543,"data":"  warnings.warn(\"Loading weights from unsupervised pretraining\")\n"}
,{"stream_name":"stderr","time":13490.072377772,"data":"\n"}
,{"stream_name":"stderr","time":13490.072382732,"data":"/usr/local/lib/python3.12/dist-packages/pytorch_tabnet/abstract_model.py:248: UserWarning: Loading weights from unsupervised pretraining\n"}
,{"stream_name":"stderr","time":13490.072394059,"data":"  warnings.warn(\"Loading weights from unsupervised pretraining\")\n"}
,{"stream_name":"stdout","time":13711.0064224,"data":"\n"}
,{"stream_name":"stdout","time":13711.006459275,"data":"Early stopping occurred at epoch 22 with best_epoch = 14 and best_val_0_auc = 0.9673\n"}
,{"stream_name":"stderr","time":13711.007794312,"data":"/usr/local/lib/python3.12/dist-packages/pytorch_tabnet/callbacks.py:172: UserWarning: Best weights from best epoch are automatically used!\n"}
,{"stream_name":"stderr","time":13711.007812124,"data":"  warnings.warn(wrn_msg)\n"}
,{"stream_name":"stderr","time":13711.007818036,"data":"\n"}
,{"stream_name":"stderr","time":13711.007823133,"data":"/usr/local/lib/python3.12/dist-packages/pytorch_tabnet/callbacks.py:172: UserWarning: Best weights from best epoch are automatically used!\n"}
,{"stream_name":"stderr","time":13711.007828127,"data":"  warnings.warn(wrn_msg)\n"}
,{"stream_name":"stderr","time":13720.318227983,"data":"[I 2026-08-22 13:45:39,996] Trial 13 finished with value: 0.9668314598887954 and parameters: {'n_d': 24, 'n_steps': 3, 'gamma': 1.7637993781779335, 'cat_emb_dim': 2, 'lambda_sparse': 0.002083806327891097, 'momentum': 0.2528981301206077, 'lr': 0.009388503931978378}. Best is trial 12 with value: 0.9669160382029194.\n"}
,{"stream_name":"stderr","time":13720.318279422,"data":"\n"}
,{"stream_name":"stderr","time":13720.31828468,"data":"[I 2026-08-22 13:45:39,996] Trial 13 finished with value: 0.9668314598887954 and parameters: {'n_d': 24, 'n_steps': 3, 'gamma': 1.7637993781779335, 'cat_emb_dim': 2, 'lambda_sparse': 0.002083806327891097, 'momentum': 0.2528981301206077, 'lr': 0.009388503931978378}. Best is trial 12 with value: 0.9669160382029194.\n"}
,{"stream_name":"stdout","time":13720.518597707,"data":"  trial13: 0.96683  {'n_d': 24, 'n_steps': 3, 'gamma': 1.7637993781779335, 'cat_emb_dim': 2, 'lambda_sparse': 0.002083806327891097, 'momentum': 0.2528981301206077, 'lr': 0.009388503931978378}\n"}
,{"stream_name":"stderr","time":13720.779234666,"data":"/usr/local/lib/python3.12/dist-packages/pytorch_tabnet/abstract_model.py:687: UserWarning: No early stopping will be performed, last training weights will be used.\n"}
,{"stream_name":"stderr","time":13720.779273946,"data":"  warnings.warn(wrn_msg)\n"}
,{"stream_name":"stderr","time":13720.77928071,"data":"\n"}
,{"stream_name":"stderr","time":13720.779285203,"data":"/usr/local/lib/python3.12/dist-packages/pytorch_tabnet/abstract_model.py:687: UserWarning: No early stopping will be performed, last training weights will be used.\n"}
,{"stream_name":"stderr","time":13720.779290156,"data":"  warnings.warn(wrn_msg)\n"}
,{"stream_name":"stderr","time":13857.99276865,"data":"/usr/local/lib/python3.12/dist-packages/pytorch_tabnet/abstract_model.py:248: UserWarning: Loading weights from unsupervised pretraining\n"}
,{"stream_name":"stderr","time":13857.992824095,"data":"  warnings.warn(\"Loading weights from unsupervised pretraining\")\n"}
,{"stream_name":"stderr","time":13857.992840508,"data":"\n"}
,{"stream_name":"stderr","time":13857.992844514,"data":"/usr/local/lib/python3.12/dist-packages/pytorch_tabnet/abstract_model.py:248: UserWarning: Loading weights from unsupervised pretraining\n"}
,{"stream_name":"stderr","time":13857.992848226,"data":"  warnings.warn(\"Loading weights from unsupervised pretraining\")\n"}
,{"stream_name":"stdout","time":14117.542035633,"data":"\n"}
,{"stream_name":"stdout","time":14117.542108879,"data":"Early stopping occurred at epoch 26 with best_epoch = 18 and best_val_0_auc = 0.96642\n"}
,{"stream_name":"stderr","time":14117.543432366,"data":"/usr/local/lib/python3.12/dist-packages/pytorch_tabnet/callbacks.py:172: UserWarning: Best weights from best epoch are automatically used!\n"}
,{"stream_name":"stderr","time":14117.54344911,"data":"  warnings.warn(wrn_msg)\n"}
,{"stream_name":"stderr","time":14117.543455259,"data":"\n"}
,{"stream_name":"stderr","time":14117.543460146,"data":"/usr/local/lib/python3.12/dist-packages/pytorch_tabnet/callbacks.py:172: UserWarning: Best weights from best epoch are automatically used!\n"}
,{"stream_name":"stderr","time":14117.543465776,"data":"  warnings.warn(wrn_msg)\n"}
,{"stream_name":"stderr","time":14127.353258984,"data":"/usr/local/lib/python3.12/dist-packages/pytorch_tabnet/abstract_model.py:687: UserWarning: No early stopping will be performed, last training weights will be used.\n"}
,{"stream_name":"stderr","time":14127.353316638,"data":"  warnings.warn(wrn_msg)\n"}
,{"stream_name":"stderr","time":14127.353321536,"data":"\n"}
,{"stream_name":"stderr","time":14127.353325702,"data":"/usr/local/lib/python3.12/dist-packages/pytorch_tabnet/abstract_model.py:687: UserWarning: No early stopping will be performed, last training weights will be used.\n"}
,{"stream_name":"stderr","time":14127.353330208,"data":"  warnings.warn(wrn_msg)\n"}
,{"stream_name":"stderr","time":14272.004092993,"data":"/usr/local/lib/python3.12/dist-packages/pytorch_tabnet/abstract_model.py:248: UserWarning: Loading weights from unsupervised pretraining\n"}
,{"stream_name":"stderr","time":14272.004132301,"data":"  warnings.warn(\"Loading weights from unsupervised pretraining\")\n"}
,{"stream_name":"stderr","time":14272.004136757,"data":"\n"}
,{"stream_name":"stderr","time":14272.004139854,"data":"/usr/local/lib/python3.12/dist-packages/pytorch_tabnet/abstract_model.py:248: UserWarning: Loading weights from unsupervised pretraining\n"}
,{"stream_name":"stderr","time":14272.004143332,"data":"  warnings.warn(\"Loading weights from unsupervised pretraining\")\n"}
,{"stream_name":"stdout","time":14503.732918122,"data":"\n"}
,{"stream_name":"stdout","time":14503.732957439,"data":"Early stopping occurred at epoch 22 with best_epoch = 14 and best_val_0_auc = 0.96678\n"}
,{"stream_name":"stderr","time":14503.733970414,"data":"/usr/local/lib/python3.12/dist-packages/pytorch_tabnet/callbacks.py:172: UserWarning: Best weights from best epoch are automatically used!\n"}
,{"stream_name":"stderr","time":14503.733998367,"data":"  warnings.warn(wrn_msg)\n"}
,{"stream_name":"stderr","time":14503.734004214,"data":"\n"}
,{"stream_name":"stderr","time":14503.734008662,"data":"/usr/local/lib/python3.12/dist-packages/pytorch_tabnet/callbacks.py:172: UserWarning: Best weights from best epoch are automatically used!\n"}
,{"stream_name":"stderr","time":14503.734013401,"data":"  warnings.warn(wrn_msg)\n"}
,{"stream_name":"stderr","time":14512.784495271,"data":"[I 2026-08-22 13:58:52,463] Trial 14 finished with value: 0.9666016850829857 and parameters: {'n_d': 24, 'n_steps': 3, 'gamma': 1.761126430574992, 'cat_emb_dim': 2, 'lambda_sparse': 0.004287655539623381, 'momentum': 0.24828534482619938, 'lr': 0.009372877239298751}. Best is trial 12 with value: 0.9669160382029194.\n"}
,{"stream_name":"stderr","time":14512.784557988,"data":"\n"}
,{"stream_name":"stderr","time":14512.784564238,"data":"[I 2026-08-22 13:58:52,463] Trial 14 finished with value: 0.9666016850829857 and parameters: {'n_d': 24, 'n_steps': 3, 'gamma': 1.761126430574992, 'cat_emb_dim': 2, 'lambda_sparse': 0.004287655539623381, 'momentum': 0.24828534482619938, 'lr': 0.009372877239298751}. Best is trial 12 with value: 0.9669160382029194.\n"}
,{"stream_name":"stdout","time":14512.984561159,"data":"  trial14: 0.96660  {'n_d': 24, 'n_steps': 3, 'gamma': 1.761126430574992, 'cat_emb_dim': 2, 'lambda_sparse': 0.004287655539623381, 'momentum': 0.24828534482619938, 'lr': 0.009372877239298751}\n"}
,{"stream_name":"stdout","time":14512.984603165,"data":"\n"}
,{"stream_name":"stdout","time":14512.984618725,"data":"Optuna完了 elapsed=237.4min\n"}
,{"stream_name":"stdout","time":14512.984625298,"data":"Best value (2fold平均AUC): 0.96692\n"}
,{"stream_name":"stdout","time":14512.984629727,"data":"Best params: {'n_d': 24, 'n_steps': 3, 'gamma': 1.7586741139658726, 'cat_emb_dim': 2, 'lambda_sparse': 0.0020873384833003084, 'momentum': 0.27505083500635796, 'lr': 0.010227746345763936}\n"}
,{"stream_name":"stdout","time":14512.984651155,"data":"\n"}
,{"stream_name":"stdout","time":14512.984655826,"data":"フル5-fold確認: HP={'n_d': 24, 'n_steps': 3, 'gamma': 1.7586741139658726, 'cat_emb_dim': 2, 'lambda_sparse': 0.0020873384833003084, 'momentum': 0.27505083500635796, 'lr': 0.010227746345763936}\n"}
,{"stream_name":"stderr","time":14513.228679795,"data":"/usr/local/lib/python3.12/dist-packages/pytorch_tabnet/abstract_model.py:687: UserWarning: No early stopping will be performed, last training weights will be used.\n"}
,{"stream_name":"stderr","time":14513.228714777,"data":"  warnings.warn(wrn_msg)\n"}
,{"stream_name":"stderr","time":14513.22871987,"data":"\n"}
,{"stream_name":"stderr","time":14513.228723343,"data":"/usr/local/lib/python3.12/dist-packages/pytorch_tabnet/abstract_model.py:687: UserWarning: No early stopping will be performed, last training weights will be used.\n"}
,{"stream_name":"stderr","time":14513.228727104,"data":"  warnings.warn(wrn_msg)\n"}
,{"stream_name":"stderr","time":14967.298786394,"data":"/usr/local/lib/python3.12/dist-packages/pytorch_tabnet/abstract_model.py:248: UserWarning: Loading weights from unsupervised pretraining\n"}
,{"stream_name":"stderr","time":14967.298830417,"data":"  warnings.warn(\"Loading weights from unsupervised pretraining\")\n"}
,{"stream_name":"stderr","time":14967.298835823,"data":"\n"}
,{"stream_name":"stderr","time":14967.298838967,"data":"/usr/local/lib/python3.12/dist-packages/pytorch_tabnet/abstract_model.py:248: UserWarning: Loading weights from unsupervised pretraining\n"}
,{"stream_name":"stderr","time":14967.298842448,"data":"  warnings.warn(\"Loading weights from unsupervised pretraining\")\n"}
,{"stream_name":"stdout","time":15264.524021579,"data":"\n"}
,{"stream_name":"stdout","time":15264.524056857,"data":"Early stopping occurred at epoch 30 with best_epoch = 15 and best_val_0_auc = 0.96725\n"}
,{"stream_name":"stderr","time":15264.524973738,"data":"/usr/local/lib/python3.12/dist-packages/pytorch_tabnet/callbacks.py:172: UserWarning: Best weights from best epoch are automatically used!\n"}
,{"stream_name":"stderr","time":15264.525000781,"data":"  warnings.warn(wrn_msg)\n"}
,{"stream_name":"stderr","time":15264.52500773,"data":"\n"}
,{"stream_name":"stderr","time":15264.525012983,"data":"/usr/local/lib/python3.12/dist-packages/pytorch_tabnet/callbacks.py:172: UserWarning: Best weights from best epoch are automatically used!\n"}
,{"stream_name":"stderr","time":15264.525018404,"data":"  warnings.warn(wrn_msg)\n"}
,{"stream_name":"stdout","time":15276.262128553,"data":"fold 0: val=0.96725 elapsed=12.7min\n"}
,{"stream_name":"stderr","time":15276.676711805,"data":"/usr/local/lib/python3.12/dist-packages/pytorch_tabnet/abstract_model.py:687: UserWarning: No early stopping will be performed, last training weights will be used.\n"}
,{"stream_name":"stderr","time":15276.676748735,"data":"  warnings.warn(wrn_msg)\n"}
,{"stream_name":"stderr","time":15276.676753448,"data":"\n"}
,{"stream_name":"stderr","time":15276.676757182,"data":"/usr/local/lib/python3.12/dist-packages/pytorch_tabnet/abstract_model.py:687: UserWarning: No early stopping will be performed, last training weights will be used.\n"}
,{"stream_name":"stderr","time":15276.67676151,"data":"  warnings.warn(wrn_msg)\n"}
,{"stream_name":"stderr","time":15741.571454759,"data":"/usr/local/lib/python3.12/dist-packages/pytorch_tabnet/abstract_model.py:248: UserWarning: Loading weights from unsupervised pretraining\n"}
,{"stream_name":"stderr","time":15741.571499492,"data":"  warnings.warn(\"Loading weights from unsupervised pretraining\")\n"}
,{"stream_name":"stderr","time":15741.571507438,"data":"\n"}
,{"stream_name":"stderr","time":15741.571532047,"data":"/usr/local/lib/python3.12/dist-packages/pytorch_tabnet/abstract_model.py:248: UserWarning: Loading weights from unsupervised pretraining\n"}
,{"stream_name":"stderr","time":15741.571537762,"data":"  warnings.warn(\"Loading weights from unsupervised pretraining\")\n"}
,{"stream_name":"stdout","time":16001.652035521,"data":"\n"}
,{"stream_name":"stdout","time":16001.652086443,"data":"Early stopping occurred at epoch 26 with best_epoch = 11 and best_val_0_auc = 0.96745\n"}
,{"stream_name":"stderr","time":16001.652936481,"data":"/usr/local/lib/python3.12/dist-packages/pytorch_tabnet/callbacks.py:172: UserWarning: Best weights from best epoch are automatically used!\n"}
,{"stream_name":"stderr","time":16001.652964119,"data":"  warnings.warn(wrn_msg)\n"}
,{"stream_name":"stderr","time":16001.652970407,"data":"\n"}
,{"stream_name":"stderr","time":16001.652974822,"data":"/usr/local/lib/python3.12/dist-packages/pytorch_tabnet/callbacks.py:172: UserWarning: Best weights from best epoch are automatically used!\n"}
,{"stream_name":"stderr","time":16001.652979647,"data":"  warnings.warn(wrn_msg)\n"}
,{"stream_name":"stdout","time":16013.159711841,"data":"fold 1: val=0.96745 elapsed=25.0min\n"}
,{"stream_name":"stderr","time":16013.561572591,"data":"/usr/local/lib/python3.12/dist-packages/pytorch_tabnet/abstract_model.py:687: UserWarning: No early stopping will be performed, last training weights will be used.\n"}
,{"stream_name":"stderr","time":16013.561612421,"data":"  warnings.warn(wrn_msg)\n"}
,{"stream_name":"stderr","time":16013.561622132,"data":"\n"}
,{"stream_name":"stderr","time":16013.56162549,"data":"/usr/local/lib/python3.12/dist-packages/pytorch_tabnet/abstract_model.py:687: UserWarning: No early stopping will be performed, last training weights will be used.\n"}
,{"stream_name":"stderr","time":16013.561629316,"data":"  warnings.warn(wrn_msg)\n"}
,{"stream_name":"stderr","time":16470.267867231,"data":"/usr/local/lib/python3.12/dist-packages/pytorch_tabnet/abstract_model.py:248: UserWarning: Loading weights from unsupervised pretraining\n"}
,{"stream_name":"stderr","time":16470.267903487,"data":"  warnings.warn(\"Loading weights from unsupervised pretraining\")\n"}
,{"stream_name":"stderr","time":16470.267927284,"data":"\n"}
,{"stream_name":"stderr","time":16470.267932642,"data":"/usr/local/lib/python3.12/dist-packages/pytorch_tabnet/abstract_model.py:248: UserWarning: Loading weights from unsupervised pretraining\n"}
,{"stream_name":"stderr","time":16470.267938279,"data":"  warnings.warn(\"Loading weights from unsupervised pretraining\")\n"}
,{"stream_name":"stdout","time":16878.332358322,"data":"\n"}
,{"stream_name":"stdout","time":16878.332407405,"data":"Early stopping occurred at epoch 41 with best_epoch = 26 and best_val_0_auc = 0.96754\n"}
,{"stream_name":"stderr","time":16878.333373515,"data":"/usr/local/lib/python3.12/dist-packages/pytorch_tabnet/callbacks.py:172: UserWarning: Best weights from best epoch are automatically used!\n"}
,{"stream_name":"stderr","time":16878.333398566,"data":"  warnings.warn(wrn_msg)\n"}
,{"stream_name":"stderr","time":16878.333404702,"data":"\n"}
,{"stream_name":"stderr","time":16878.333408626,"data":"/usr/local/lib/python3.12/dist-packages/pytorch_tabnet/callbacks.py:172: UserWarning: Best weights from best epoch are automatically used!\n"}
,{"stream_name":"stderr","time":16878.3334141,"data":"  warnings.warn(wrn_msg)\n"}
,{"stream_name":"stdout","time":16890.595320792,"data":"fold 2: val=0.96754 elapsed=39.6min\n"}
,{"stream_name":"stderr","time":16890.846117418,"data":"/usr/local/lib/python3.12/dist-packages/pytorch_tabnet/abstract_model.py:687: UserWarning: No early stopping will be performed, last training weights will be used.\n"}
,{"stream_name":"stderr","time":16890.846172683,"data":"  warnings.warn(wrn_msg)\n"}
,{"stream_name":"stderr","time":16890.846176885,"data":"\n"}
,{"stream_name":"stderr","time":16890.846179769,"data":"/usr/local/lib/python3.12/dist-packages/pytorch_tabnet/abstract_model.py:687: UserWarning: No early stopping will be performed, last training weights will be used.\n"}
,{"stream_name":"stderr","time":16890.846184201,"data":"  warnings.warn(wrn_msg)\n"}
,{"stream_name":"stderr","time":17348.2542044,"data":"/usr/local/lib/python3.12/dist-packages/pytorch_tabnet/abstract_model.py:248: UserWarning: Loading weights from unsupervised pretraining\n"}
,{"stream_name":"stderr","time":17348.254243977,"data":"  warnings.warn(\"Loading weights from unsupervised pretraining\")\n"}
,{"stream_name":"stderr","time":17348.25425101,"data":"\n"}
,{"stream_name":"stderr","time":17348.254256,"data":"/usr/local/lib/python3.12/dist-packages/pytorch_tabnet/abstract_model.py:248: UserWarning: Loading weights from unsupervised pretraining\n"}
,{"stream_name":"stderr","time":17348.254261077,"data":"  warnings.warn(\"Loading weights from unsupervised pretraining\")\n"}
,{"stream_name":"stdout","time":17617.494098968,"data":"\n"}
,{"stream_name":"stdout","time":17617.494136775,"data":"Early stopping occurred at epoch 27 with best_epoch = 12 and best_val_0_auc = 0.96794\n"}
,{"stream_name":"stderr","time":17617.495245031,"data":"/usr/local/lib/python3.12/dist-packages/pytorch_tabnet/callbacks.py:172: UserWarning: Best weights from best epoch are automatically used!\n"}
,{"stream_name":"stderr","time":17617.495268923,"data":"  warnings.warn(wrn_msg)\n"}
,{"stream_name":"stderr","time":17617.495274029,"data":"\n"}
,{"stream_name":"stderr","time":17617.495278579,"data":"/usr/local/lib/python3.12/dist-packages/pytorch_tabnet/callbacks.py:172: UserWarning: Best weights from best epoch are automatically used!\n"}
,{"stream_name":"stderr","time":17617.495300044,"data":"  warnings.warn(wrn_msg)\n"}
,{"stream_name":"stdout","time":17629.680648507,"data":"fold 3: val=0.96794 elapsed=51.9min\n"}
,{"stream_name":"stderr","time":17629.947113935,"data":"/usr/local/lib/python3.12/dist-packages/pytorch_tabnet/abstract_model.py:687: UserWarning: No early stopping will be performed, last training weights will be used.\n"}
,{"stream_name":"stderr","time":17629.947167732,"data":"  warnings.warn(wrn_msg)\n"}
,{"stream_name":"stderr","time":17629.947174782,"data":"\n"}
,{"stream_name":"stderr","time":17629.947179723,"data":"/usr/local/lib/python3.12/dist-packages/pytorch_tabnet/abstract_model.py:687: UserWarning: No early stopping will be performed, last training weights will be used.\n"}
,{"stream_name":"stderr","time":17629.947218636,"data":"  warnings.warn(wrn_msg)\n"}
,{"stream_name":"stderr","time":18089.543557067,"data":"/usr/local/lib/python3.12/dist-packages/pytorch_tabnet/abstract_model.py:248: UserWarning: Loading weights from unsupervised pretraining\n"}
,{"stream_name":"stderr","time":18089.543599722,"data":"  warnings.warn(\"Loading weights from unsupervised pretraining\")\n"}
,{"stream_name":"stderr","time":18089.543606278,"data":"\n"}
,{"stream_name":"stderr","time":18089.543610721,"data":"/usr/local/lib/python3.12/dist-packages/pytorch_tabnet/abstract_model.py:248: UserWarning: Loading weights from unsupervised pretraining\n"}
,{"stream_name":"stderr","time":18089.543615469,"data":"  warnings.warn(\"Loading weights from unsupervised pretraining\")\n"}
,{"stream_name":"stdout","time":18410.655890229,"data":"\n"}
,{"stream_name":"stdout","time":18410.655935287,"data":"Early stopping occurred at epoch 32 with best_epoch = 17 and best_val_0_auc = 0.96722\n"}
,{"stream_name":"stderr","time":18410.656850076,"data":"/usr/local/lib/python3.12/dist-packages/pytorch_tabnet/callbacks.py:172: UserWarning: Best weights from best epoch are automatically used!\n"}
,{"stream_name":"stderr","time":18410.656875735,"data":"  warnings.warn(wrn_msg)\n"}
,{"stream_name":"stderr","time":18410.656881451,"data":"\n"}
,{"stream_name":"stderr","time":18410.656886269,"data":"/usr/local/lib/python3.12/dist-packages/pytorch_tabnet/callbacks.py:172: UserWarning: Best weights from best epoch are automatically used!\n"}
,{"stream_name":"stderr","time":18410.656891601,"data":"  warnings.warn(wrn_msg)\n"}
,{"stream_name":"stdout","time":18422.446601791,"data":"fold 4: val=0.96722 elapsed=65.2min\n"}
,{"stream_name":"stdout","time":18422.446643746,"data":"\n"}
,{"stream_name":"stdout","time":18422.446654306,"data":"TabNet(HP調整後) OOF = 0.96725  fold間std=0.00026\n"}
,{"stream_name":"stdout","time":18422.446658575,"data":"total elapsed(フル確認) = 65.2 min\n"}
,{"stream_name":"stdout","time":18422.446661749,"data":"参考: exp169(作業用HP単体)=0.96677  exp170(作業用HP avg5)=0.96815\n"}
,{"stream_name":"stdout","time":18422.446665131,"data":"参考: exp142(RealMLP専用HP)=0.96790  exp130(LookupTransformer)=0.96823\n"}
,{"stream_name":"stdout","time":18422.446668408,"data":"saved: /kaggle/working/oof_174_tabnet_tuned.npy, /kaggle/working/test_174_tabnet_tuned.npy\n"}
,{"stream_name":"stderr","time":18426.805622277,"data":"/usr/local/lib/python3.12/dist-packages/mistune.py:435: SyntaxWarning: invalid escape sequence '\\|'\n"}
,{"stream_name":"stderr","time":18426.805657105,"data":"  cells[i][c] = re.sub('\\\\\\\\\\|', '|', cell)\n"}
,{"stream_name":"stderr","time":18426.951739867,"data":"/usr/local/lib/python3.12/dist-packages/nbconvert/filters/filter_links.py:36: SyntaxWarning: invalid escape sequence '\\_'\n"}
,{"stream_name":"stderr","time":18426.951769999,"data":"  text = re.sub(r'_', '\\_', text) # Escape underscores in display text\n"}
,{"stream_name":"stderr","time":18427.591254277,"data":"[NbConvertApp] Converting notebook __notebook__.ipynb to notebook\n"}
,{"stream_name":"stderr","time":18427.920687322,"data":"[NbConvertApp] Writing 64149 bytes to __notebook__.ipynb\n"}
,{"stream_name":"stderr","time":18430.335703952,"data":"[NbConvertApp] Converting notebook __notebook__.ipynb to html\n"}
,{"stream_name":"stderr","time":18431.235340538,"data":"[NbConvertApp] Writing 393421 bytes to __results__.html\n"}
]